production-class,test-method,eager
weka.clusterers.Cobweb,test06,false
weka.core.AlgVector,test11,true
weka.clusterers.Cobweb,test10,false
org.gudy.azureus2.pluginsimpl.local.sharing.ShareManagerImpl,test08,true
com.liferay.util.bridges.mvc.MVCPortlet,test12,false
com.liferay.portal.service.persistence.GroupFinderImpl,test05,false
dk.statsbiblioteket.summa.search.document.DocumentSearcherImpl,test13,true
com.aelitis.azureus.plugins.extseed.util.ExternalSeedHTTPDownloaderRange,test01,false
com.aelitis.azureus.util.ImportExportUtils,test15,true
framework.util.ConvertUtils,test51,false
org.gudy.azureus2.pluginsimpl.local.sharing.ShareManagerImpl,test24,false
org.gudy.azureus2.pluginsimpl.local.update.UpdateInstallerImpl,test09,false
org.gudy.azureus2.pluginsimpl.local.update.UpdateInstallerImpl,test05,false
com.liferay.portal.service.persistence.GroupFinderImpl,test17,false
org.gudy.azureus2.core3.disk.impl.DiskManagerUtil,test13,true
com.aelitis.azureus.ui.common.table.impl.TableColumnImpl,test012,true
net.sourceforge.schemaspy.view.StyleSheet,test04,false
com.liferay.portlet.shopping.model.impl.ShoppingItemModelImpl,test38,true
com.aelitis.azureus.ui.common.table.impl.TableColumnImpl,test101,true
org.gudy.azureus2.pluginsimpl.local.sharing.ShareManagerImpl,test15,true
dk.statsbiblioteket.summa.search.document.DocumentSearcherImpl,test11,true
com.liferay.portlet.asset.service.impl.AssetEntryLocalServiceImpl,test01,false
com.eteks.sweethome3d.viewcontroller.HomeController,test24,false
com.soops.CEN4010.JMCA.JParser.JavaParserTokenManager,test106,true
dk.statsbiblioteket.summa.common.Logging,test27,false
weka.core.AlgVector,test00,true
com.liferay.portal.model.impl.TeamModelImpl,test23,true
corina.Sample,test33,true
dk.statsbiblioteket.summa.search.document.DocumentSearcherImpl,test12,true
framework.util.ConvertUtils,test40,false
net.sourceforge.squirrel_sql.client.gui.db.SQLAlias,test13,true
com.liferay.portal.service.persistence.GroupFinderImpl,test01,false
corina.Sample,test16,false
org.mozilla.javascript.Parser,test33,false
weka.gui.PropertySheetPanel,test11,true
com.soops.CEN4010.JMCA.JParser.JavaParserTokenManager,test055,true
dk.statsbiblioteket.summa.common.Logging,test42,false
com.soops.CEN4010.JMCA.JParser.JavaParserTokenManager,test127,true
framework.util.ConvertUtils,test30,true
com.aelitis.azureus.util.ImportExportUtils,test05,true
com.aelitis.azureus.core.lws.LightWeightSeed,test08,false
com.aelitis.azureus.ui.common.table.impl.TableColumnImpl,test097,true
com.aelitis.azureus.ui.common.table.impl.TableColumnImpl,test080,true
com.liferay.portal.service.persistence.GroupFinderImpl,test35,false
corina.Sample,test18,false
org.gudy.azureus2.pluginsimpl.local.sharing.ShareManagerImpl,test19,false
org.mozilla.javascript.Parser,test03,false
weka.experiment.RemoteExperiment,test05,false
com.liferay.portlet.documentlibrary.service.impl.DLFolderLocalServiceImpl,test29,false
org.objectweb.asm.jip.ClassReader,test26,true
com.liferay.portlet.dynamicdatamapping.service.impl.DDMStructureLocalServiceImpl,test18,false
com.aelitis.azureus.core.peermanager.utils.BTPeerIDByteDecoderUtils,test52,true
dk.statsbiblioteket.summa.search.document.DocumentSearcherImpl,test07,true
org.mozilla.javascript.Parser,test09,false
weka.clusterers.MakeDensityBasedClusterer,test17,false
corina.Sample,test29,false
com.sap.managementconsole.soap.axis.sapcontrol.J2EEClusterMsg,test11,true
framework.util.ConvertUtils,test63,true
org.mozilla.javascript.Parser,test28,false
net.sourceforge.schemaspy.view.StyleSheet,test15,false
weka.estimators.CheckEstimator,test72,true
framework.util.ConvertUtils,test29,false
com.aelitis.azureus.ui.common.table.impl.TableColumnImpl,test082,true
framework.util.ConvertUtils,test68,false
com.sap.managementconsole.soap.axis.sapcontrol.J2EEClusterMsg,test22,true
corina.Sample,test08,true
weka.core.Attribute,test43,true
com.liferay.portlet.shopping.model.impl.ShoppingItemModelImpl,test28,true
dk.statsbiblioteket.summa.search.document.DocumentSearcherImpl,test06,true
weka.estimators.CheckEstimator,test65,true
com.liferay.portlet.shopping.model.impl.ShoppingItemModelImpl,test48,true
com.aelitis.azureus.core.lws.LightWeightSeed,test02,true
com.sap.managementconsole.soap.axis.sapcontrol.J2EEClusterMsg,test21,true
com.liferay.portal.model.impl.TeamModelImpl,test16,true
org.mozilla.javascript.Parser,test12,false
org.firebirdsql.jdbc.parser.JaybirdSqlLexer,test061,true
org.objectweb.asm.jip.Frame,test127,false
weka.gui.beans.ClustererPerformanceEvaluator,test04,false
framework.util.ConvertUtils,test27,false
com.aelitis.azureus.core.peermanager.utils.BTPeerIDByteDecoderUtils,test41,true
org.objectweb.asm.jip.ClassReader,test03,true
org.objectweb.asm.jip.ClassReader,test17,false
com.sap.managementconsole.soap.axis.sapcontrol.J2EEClusterMsg,test03,true
com.aelitis.azureus.plugins.extseed.util.ExternalSeedHTTPDownloaderRange,test15,false
com.liferay.portlet.dynamicdatamapping.service.impl.DDMStructureLocalServiceImpl,test06,false
com.liferay.portlet.shopping.model.impl.ShoppingItemModelImpl,test22,true
com.eteks.sweethome3d.viewcontroller.HomeController,test49,false
net.sourceforge.squirrel_sql.fw.gui.TablePopupMenu,test3,false
com.soops.CEN4010.JMCA.JParser.JavaParserTokenManager,test118,true
weka.attributeSelection.GreedyStepwise,test25,true
dk.statsbiblioteket.summa.common.Logging,test44,false
org.objectweb.asm.jip.ClassReader,test23,false
com.liferay.portlet.documentlibrary.service.impl.DLAppHelperLocalServiceImpl,test12,true
weka.core.AlgVector,test20,true
weka.estimators.CheckEstimator,test70,true
com.aelitis.azureus.ui.common.table.impl.TableColumnImpl,test054,false
weka.clusterers.Cobweb,test13,true
corina.Sample,test32,true
com.soops.CEN4010.JMCA.JParser.JavaParserTokenManager,test014,false
Newzgrabber.Downloader,test11,true
weka.gui.beans.FlowRunner,test02,true
com.liferay.portal.model.impl.TeamModelImpl,test06,true
weka.gui.beans.FlowRunner,test13,false
com.soops.CEN4010.JMCA.JParser.JavaParserTokenManager,test109,true
freemind.main.Base64Coding,test6,true
weka.experiment.PairedTTester,test29,false
com.liferay.portlet.journal.util.JournalUtil,test31,false
com.liferay.portlet.documentlibrary.service.impl.DLFolderLocalServiceImpl,test03,false
weka.clusterers.Cobweb,test04,true
weka.attributeSelection.GreedyStepwise,test27,true
com.soops.CEN4010.JMCA.JParser.JavaParserTokenManager,test067,true
com.liferay.portal.service.persistence.GroupFinderImpl,test11,false
org.objectweb.asm.jip.Frame,test008,true
com.sap.managementconsole.soap.axis.sapcontrol.J2EEClusterMsg,test20,false
com.liferay.portal.service.persistence.GroupFinderImpl,test13,false
framework.util.ConvertUtils,test12,false
org.gudy.azureus2.pluginsimpl.local.sharing.ShareManagerImpl,test21,true
com.liferay.portlet.shopping.model.impl.ShoppingItemModelImpl,test36,true
com.aelitis.azureus.core.diskmanager.access.impl.DiskAccessControllerInstance,test03,true
weka.experiment.PairedTTester,test38,true
weka.estimators.CheckEstimator,test23,true
weka.clusterers.Cobweb,test08,false
weka.core.neighboursearch.BallTree,test34,true
com.liferay.portlet.shopping.model.impl.ShoppingItemModelImpl,test20,true
com.aelitis.azureus.ui.common.table.impl.TableColumnImpl,test114,false
weka.experiment.PairedTTester,test26,true
weka.core.Attribute,test05,false
glengineer.blocks.HorizontalBlock,test07,true
framework.util.ConvertUtils,test31,false
weka.experiment.PairedTTester,test31,true
weka.core.Attribute,test02,true
weka.core.Attribute,test18,false
weka.core.Attribute,test26,true
weka.experiment.PairedTTester,test39,true
weka.attributeSelection.BestFirst,test10,false
com.liferay.portlet.shopping.model.impl.ShoppingItemModelImpl,test03,true
weka.estimators.CheckEstimator,test07,true
org.gudy.azureus2.core3.disk.impl.DiskManagerUtil,test09,true
Newzgrabber.Downloader,test00,true
com.liferay.portal.model.impl.TeamModelImpl,test10,true
weka.attributeSelection.BestFirst,test08,true
com.soops.CEN4010.JMCA.JParser.JavaParserTokenManager,test020,true
weka.experiment.PairedTTester,test45,true
visu.handball.moves.model.PassEvent,test06,true
weka.estimators.CheckEstimator,test16,false
dk.statsbiblioteket.summa.common.Logging,test30,false
weka.estimators.CheckEstimator,test34,true
org.gudy.azureus2.core3.disk.impl.DiskManagerUtil,test15,true
com.liferay.portlet.shopping.model.impl.ShoppingItemModelImpl,test13,true
weka.core.Attribute,test65,true
weka.experiment.PairedTTester,test37,true
weka.gui.PropertySheetPanel,test14,true
weka.estimators.CheckEstimator,test75,true
weka.attributeSelection.GreedyStepwise,test14,false
org.heal.servlet.userreview.UserReviewDAO,test4,false
org.mozilla.javascript.Parser,test53,true
com.aelitis.azureus.ui.common.table.impl.TableColumnImpl,test131,true
weka.clusterers.Cobweb,test28,true
net.sourceforge.squirrel_sql.fw.gui.TablePopupMenu,test1,true
org.objectweb.asm.jip.ClassReader,test12,false
weka.gui.beans.BeanInstance,test13,true
weka.attributeSelection.BestFirst,test25,true
corina.Sample,test31,false
weka.clusterers.Cobweb,test12,false
weka.core.Javadoc,test03,true
weka.clusterers.Cobweb,test03,false
com.aelitis.azureus.ui.common.table.impl.TableColumnImpl,test068,true
com.liferay.portlet.journal.util.JournalUtil,test20,true
org.objectweb.asm.jip.ClassReader,test07,false
weka.estimators.CheckEstimator,test50,false
net.sourceforge.squirrel_sql.client.gui.db.SQLAlias,test14,true
com.liferay.portlet.documentlibrary.service.impl.DLFolderLocalServiceImpl,test34,false
weka.experiment.PairedTTester,test33,true
org.pdfsam.guiclient.commons.panels.CloseableTabbedPane,test07,true
net.sourceforge.squirrel_sql.client.gui.db.SQLAlias,test18,true
com.liferay.portal.service.impl.GroupServiceImpl,test07,false
com.aelitis.azureus.core.diskmanager.access.impl.DiskAccessControllerInstance,test09,true
com.aelitis.azureus.core.lws.LightWeightSeed,test13,true
com.liferay.portal.model.impl.TeamModelImpl,test18,true
org.gudy.azureus2.pluginsimpl.local.sharing.ShareManagerImpl,test29,false
weka.core.Attribute,test46,true
org.gudy.azureus2.pluginsimpl.local.update.UpdateInstallerImpl,test13,true
com.aelitis.azureus.core.peermanager.messaging.azureus.AZPeerExchange,test07,false
com.aelitis.azureus.ui.common.table.impl.TableColumnImpl,test014,true
com.aelitis.azureus.ui.common.table.impl.TableColumnImpl,test064,true
corina.Sample,test03,false
weka.experiment.PairedTTester,test09,false
com.sap.managementconsole.soap.axis.sapcontrol.J2EEClusterMsg,test19,true
framework.util.ConvertUtils,test24,true
com.aelitis.azureus.ui.common.table.impl.TableColumnImpl,test075,true
weka.gui.PropertySheetPanel,test13,true
corina.Sample,test07,true
net.sourceforge.squirrel_sql.fw.gui.GUIUtils,test00,true
weka.clusterers.MakeDensityBasedClusterer,test06,false
org.pdfsam.guiclient.commons.panels.CloseableTabbedPane,test23,true
com.aelitis.azureus.ui.common.table.impl.TableColumnImpl,test109,true
com.soops.CEN4010.JMCA.JParser.JavaParserTokenManager,test080,true
com.aelitis.azureus.ui.common.table.impl.TableColumnImpl,test003,true
weka.gui.beans.FlowRunner,test10,true
weka.experiment.RemoteExperiment,test16,true
com.aelitis.azureus.core.networkmanager.impl.TransportImpl,test14,true
weka.experiment.PairedTTester,test50,true
weka.attributeSelection.BestFirst,test18,true
weka.experiment.PairedTTester,test40,true
dk.statsbiblioteket.summa.search.document.DocumentSearcherImpl,test10,true
weka.experiment.PairedTTester,test13,true
com.liferay.portal.service.impl.GroupServiceImpl,test08,false
com.aelitis.azureus.ui.common.table.impl.TableColumnImpl,test056,true
com.aelitis.azureus.ui.common.table.impl.TableColumnImpl,test137,true
framework.util.ConvertUtils,test26,false
org.gudy.azureus2.pluginsimpl.local.sharing.ShareManagerImpl,test31,true
com.sap.managementconsole.soap.axis.sapcontrol.J2EEClusterMsg,test12,true
com.liferay.portlet.asset.service.impl.AssetEntryLocalServiceImpl,test13,false
org.mozilla.javascript.Parser,test51,false
com.liferay.portlet.journal.util.JournalUtil,test00,true
com.aelitis.azureus.plugins.extseed.util.ExternalSeedHTTPDownloaderRange,test03,false
com.aelitis.azureus.ui.common.table.impl.TableColumnImpl,test007,true
weka.core.Attribute,test41,false
com.aelitis.azureus.ui.common.table.impl.TableColumnImpl,test048,true
weka.classifiers.bayes.net.search.local.LocalScoreSearchAlgorithm,test23,false
weka.attributeSelection.GreedyStepwise,test06,false
weka.experiment.RemoteExperiment,test12,true
org.objectweb.asm.jip.Frame,test131,true
com.liferay.portlet.shopping.model.impl.ShoppingItemModelImpl,test44,true
com.liferay.portlet.documentlibrary.service.impl.DLFolderLocalServiceImpl,test18,false
org.gudy.azureus2.pluginsimpl.local.sharing.ShareManagerImpl,test18,true
net.sourceforge.schemaspy.view.StyleSheet,test19,false
com.aelitis.azureus.ui.common.table.impl.TableColumnImpl,test130,true
weka.attributeSelection.BestFirst,test13,true
weka.attributeSelection.BestFirst,test11,false
weka.estimators.CheckEstimator,test11,false
com.liferay.portal.model.impl.TeamModelImpl,test14,true
com.aelitis.azureus.util.ImportExportUtils,test10,true
com.liferay.portlet.dynamicdatamapping.service.impl.DDMStructureLocalServiceImpl,test01,false
weka.clusterers.Cobweb,test21,true
org.mozilla.javascript.Parser,test14,false
weka.core.Attribute,test48,false
com.liferay.portal.service.persistence.GroupFinderImpl,test03,false
com.soops.CEN4010.JMCA.JParser.JavaParserTokenManager,test049,true
dk.statsbiblioteket.summa.common.Logging,test18,false
org.jsecurity.mgt.DefaultSecurityManager,test22,true
framework.util.ConvertUtils,test28,false
org.mozilla.javascript.Parser,test05,false
com.aelitis.azureus.plugins.extseed.util.ExternalSeedHTTPDownloaderRange,test13,false
com.browsersoft.openhre.hl7.impl.regular.MessageTracerImpl,test03,true
corina.Sample,test37,true
weka.classifiers.rules.DecisionTableHashKey,test01,true
org.objectweb.asm.jip.ClassReader,test18,true
com.soops.CEN4010.JMCA.JParser.JavaParserTokenManager,test061,true
net.sourceforge.squirrel_sql.client.gui.db.SQLAlias,test15,true
weka.classifiers.bayes.net.search.local.LocalScoreSearchAlgorithm,test26,false
weka.experiment.RemoteExperiment,test01,false
corina.Sample,test30,true
org.mozilla.javascript.Parser,test61,true
com.aelitis.azureus.ui.common.table.impl.TableColumnImpl,test108,true
org.gudy.azureus2.pluginsimpl.local.sharing.ShareManagerImpl,test05,false
com.aelitis.azureus.ui.common.table.impl.TableColumnImpl,test051,true
com.aelitis.azureus.ui.common.table.impl.TableColumnImpl,test125,true
weka.core.AlgVector,test05,true
visu.handball.moves.model.PassEvent,test21,false
dk.statsbiblioteket.summa.search.document.DocumentSearcherImpl,test04,true
weka.gui.beans.FlowRunner,test07,true
com.liferay.portal.service.persistence.GroupFinderImpl,test10,false
corina.Sample,test05,false
weka.classifiers.bayes.net.search.local.LocalScoreSearchAlgorithm,test08,false
framework.util.ConvertUtils,test50,false
com.liferay.portlet.documentlibrary.service.impl.DLFolderLocalServiceImpl,test06,false
org.mozilla.javascript.Parser,test23,false
weka.estimators.CheckEstimator,test53,true
framework.util.ConvertUtils,test38,true
weka.core.neighboursearch.BallTree,test27,true
com.aelitis.azureus.ui.common.table.impl.TableColumnImpl,test092,true
com.liferay.portal.service.impl.GroupServiceImpl,test14,false
net.sourceforge.schemaspy.view.StyleSheet,test07,false
com.aelitis.azureus.ui.common.table.impl.TableColumnImpl,test008,true
weka.attributeSelection.GreedyStepwise,test29,true
weka.experiment.PairedTTester,test28,false
com.liferay.portlet.shopping.service.impl.ShoppingOrderLocalServiceImpl,test07,false
org.mozilla.javascript.Parser,test26,false
com.aelitis.azureus.ui.common.table.impl.TableColumnImpl,test065,true
com.soops.CEN4010.JMCA.JParser.JavaParserTokenManager,test040,true
org.mozilla.javascript.Parser,test57,false
weka.experiment.PairedTTester,test16,true
weka.attributeSelection.GreedyStepwise,test20,true
org.objectweb.asm.jip.Frame,test157,false
weka.clusterers.Cobweb,test27,true
com.eteks.sweethome3d.viewcontroller.HomeController,test07,false
com.liferay.portlet.dynamicdatamapping.service.impl.DDMStructureLocalServiceImpl,test11,false
weka.core.AlgVector,test09,true
weka.gui.PropertySheetPanel,test04,false
weka.core.Attribute,test25,false
weka.core.Attribute,test64,true
net.sourceforge.squirrel_sql.client.gui.db.SQLAlias,test16,true
org.mozilla.javascript.Parser,test66,false
org.mozilla.javascript.Parser,test55,true
weka.clusterers.Cobweb,test25,true
weka.core.neighboursearch.BallTree,test33,true
com.liferay.portlet.shopping.model.impl.ShoppingItemModelImpl,test10,true
com.liferay.portal.model.impl.TeamModelImpl,test04,true
framework.util.ConvertUtils,test03,false
com.liferay.portal.model.impl.TeamModelImpl,test20,true
com.liferay.portlet.journal.util.JournalUtil,test07,false
com.aelitis.azureus.ui.common.table.impl.TableColumnImpl,test085,true
weka.experiment.RemoteExperiment,test15,true
weka.experiment.PairedTTester,test15,true
com.aelitis.azureus.ui.common.table.impl.TableColumnImpl,test023,true
com.aelitis.azureus.core.devices.impl.DeviceDriveManager,test5,true
net.sourceforge.squirrel_sql.fw.gui.GUIUtils,test01,true
com.liferay.portlet.journal.util.JournalUtil,test32,true
weka.core.Attribute,test53,true
com.liferay.portlet.asset.service.impl.AssetEntryLocalServiceImpl,test02,false
framework.util.ConvertUtils,test41,false
weka.core.AlgVector,test18,true
Newzgrabber.Downloader,test01,true
weka.attributeSelection.BestFirst,test39,true
org.objectweb.asm.jip.ClassReader,test24,true
weka.attributeSelection.GreedyStepwise,test02,true
org.gudy.azureus2.core3.disk.impl.DiskManagerUtil,test08,true
weka.core.Attribute,test10,false
framework.util.ConvertUtils,test46,false
org.gudy.azureus2.pluginsimpl.local.sharing.ShareManagerImpl,test09,false
visu.handball.moves.model.PassEvent,test14,false
framework.util.ConvertUtils,test57,false
weka.attributeSelection.BestFirst,test24,true
com.liferay.portal.model.impl.TeamModelImpl,test22,true
org.gudy.azureus2.pluginsimpl.local.sharing.ShareManagerImpl,test34,true
com.sap.managementconsole.soap.axis.sapcontrol.J2EEClusterMsg,test02,true
com.aelitis.azureus.core.lws.LightWeightSeed,test14,true
org.mozilla.javascript.Parser,test07,false
com.aelitis.azureus.ui.common.table.impl.TableColumnImpl,test016,true
com.aelitis.azureus.ui.common.table.impl.TableColumnImpl,test020,true
com.aelitis.azureus.ui.common.table.impl.TableColumnImpl,test106,true
freemind.main.Base64Coding,test5,true
com.soops.CEN4010.JMCA.JParser.JavaParserTokenManager,test013,true
weka.core.Javadoc,test09,true
weka.clusterers.Cobweb,test26,true
de.outstare.fortbattleplayer.gui.battlefield.BattlefieldDrawing,test00,false
de.outstare.fortbattleplayer.gui.battlefield.BattlefieldDrawing,test01,false
de.outstare.fortbattleplayer.gui.battlefield.BattlefieldDrawing,test02,false
de.outstare.fortbattleplayer.gui.battlefield.BattlefieldDrawing,test03,false
de.outstare.fortbattleplayer.gui.battlefield.BattlefieldDrawing,test04,false
de.outstare.fortbattleplayer.gui.battlefield.BattlefieldDrawing,test07,false
de.outstare.fortbattleplayer.gui.battlefield.BattlefieldDrawing,test08,false
de.outstare.fortbattleplayer.gui.battlefield.BattlefieldDrawing,test09,false
de.outstare.fortbattleplayer.gui.battlefield.BattlefieldDrawing,test14,false
de.outstare.fortbattleplayer.gui.battlefield.BattlefieldDrawing,test16,false
net.sourceforge.squirrel_sql.fw.gui.GUIUtils,test03,false
net.sourceforge.squirrel_sql.fw.gui.GUIUtils,test04,false
net.sourceforge.squirrel_sql.fw.gui.GUIUtils,test05,false
net.sourceforge.squirrel_sql.fw.gui.GUIUtils,test06,false
net.sourceforge.squirrel_sql.fw.gui.GUIUtils,test11,false
net.sourceforge.squirrel_sql.fw.gui.GUIUtils,test12,false
net.sourceforge.squirrel_sql.fw.gui.GUIUtils,test14,false
net.sourceforge.squirrel_sql.fw.gui.GUIUtils,test15,false
net.sourceforge.squirrel_sql.fw.gui.GUIUtils,test16,false
net.sourceforge.squirrel_sql.fw.gui.GUIUtils,test18,false
net.sourceforge.squirrel_sql.fw.gui.GUIUtils,test19,false
net.sourceforge.squirrel_sql.fw.gui.GUIUtils,test21,false
net.sourceforge.squirrel_sql.fw.gui.GUIUtils,test22,false
net.sourceforge.squirrel_sql.fw.gui.TablePopupMenu,test0,false
net.sourceforge.squirrel_sql.fw.gui.TablePopupMenu,test2,false
net.sourceforge.squirrel_sql.fw.gui.TablePopupMenu,test4,false
net.sourceforge.squirrel_sql.fw.sql.ResultSetReader,test0,false
net.sourceforge.squirrel_sql.fw.sql.ResultSetReader,test1,false
net.sourceforge.squirrel_sql.fw.sql.ResultSetReader,test2,false
net.sourceforge.squirrel_sql.fw.sql.ResultSetReader,test3,false
net.sourceforge.squirrel_sql.client.gui.MemoryPanel,test0,false
net.sourceforge.squirrel_sql.client.gui.db.SQLAlias,test03,false
net.sourceforge.squirrel_sql.client.gui.db.SQLAlias,test12,false
net.sourceforge.squirrel_sql.client.gui.db.SQLAlias,test20,false
net.sourceforge.squirrel_sql.client.gui.db.SQLAlias,test24,false
net.sourceforge.squirrel_sql.client.session.FileManager,test0,false
net.sourceforge.squirrel_sql.client.session.FileManager,test2,false
net.sourceforge.squirrel_sql.client.session.FileManager,test3,false
net.sourceforge.squirrel_sql.client.session.FileManager,test4,false
net.sourceforge.squirrel_sql.client.session.FileManager,test5,false
com.gbshape.dbe.struts.action.ExportDataAction,test0,false
com.gbshape.dbe.struts.action.ExportDataAction,test1,false
com.gbshape.dbe.struts.action.ExportDataAction,test2,false
com.gbshape.dbe.struts.action.ExportDataAction,test3,false
com.gbshape.dbe.struts.action.ExportDataAction,test4,false
com.gbshape.dbe.struts.action.ExportDataAction,test5,false
com.gbshape.dbe.struts.action.ExportDataAction,test6,false
com.gbshape.dbe.struts.action.ExportDataAction,test7,false
com.gbshape.dbe.struts.action.ExportDataAction,test8,false
com.gbshape.dbe.struts.action.ExportDataAction,test9,false
corina.Sample,test04,false
corina.Sample,test21,false
corina.Sample,test28,false
corina.gui.ElementsPanel,test0,false
corina.gui.ElementsPanel,test1,false
corina.gui.ElementsPanel,test2,false
corina.gui.ElementsPanel,test3,false
org.bouncycastle.asn1.DERObjectIdentifier,test00,false
org.bouncycastle.asn1.DERObjectIdentifier,test01,false
org.bouncycastle.asn1.DERObjectIdentifier,test03,false
org.bouncycastle.asn1.DERObjectIdentifier,test06,false
org.bouncycastle.asn1.DERObjectIdentifier,test08,false
org.bouncycastle.asn1.DERObjectIdentifier,test11,false
org.bouncycastle.asn1.DERObjectIdentifier,test13,false
org.bouncycastle.asn1.DERObjectIdentifier,test14,false
org.bouncycastle.asn1.DERObjectIdentifier,test15,false
org.bouncycastle.asn1.DERObjectIdentifier,test16,false
org.bouncycastle.asn1.DERObjectIdentifier,test17,false
org.bouncycastle.asn1.DERObjectIdentifier,test18,false
org.bouncycastle.asn1.DERObjectIdentifier,test19,false
org.bouncycastle.asn1.DERObjectIdentifier,test20,false
org.bouncycastle.asn1.DERObjectIdentifier,test21,false
org.bouncycastle.asn1.DERObjectIdentifier,test22,false
org.bouncycastle.asn1.DERObjectIdentifier,test23,false
org.bouncycastle.asn1.DERObjectIdentifier,test24,false
org.gudy.azureus2.ui.swt.views.tableitems.files.FileHashItemBase,test0,false
org.gudy.azureus2.ui.console.commands.Set,test0,false
org.gudy.azureus2.ui.console.commands.Set,test1,false
org.gudy.azureus2.ui.console.commands.Set,test2,false
org.gudy.azureus2.ui.console.commands.Set,test3,false
org.gudy.azureus2.ui.console.commands.Set,test4,false
org.gudy.azureus2.ui.console.commands.Set,test5,false
org.gudy.azureus2.ui.console.commands.Set,test6,false
org.gudy.azureus2.ui.console.commands.Set,test7,false
org.gudy.azureus2.pluginsimpl.local.sharing.ShareManagerImpl,test00,false
org.gudy.azureus2.pluginsimpl.local.sharing.ShareManagerImpl,test10,false
org.gudy.azureus2.pluginsimpl.local.sharing.ShareManagerImpl,test11,false
org.gudy.azureus2.pluginsimpl.local.sharing.ShareManagerImpl,test12,false
org.gudy.azureus2.pluginsimpl.local.sharing.ShareManagerImpl,test13,false
org.gudy.azureus2.pluginsimpl.local.update.UpdateInstallerImpl,test01,false
org.gudy.azureus2.pluginsimpl.local.update.UpdateInstallerImpl,test03,false
org.gudy.azureus2.pluginsimpl.local.update.UpdateInstallerImpl,test04,false
org.gudy.azureus2.pluginsimpl.local.update.UpdateInstallerImpl,test06,false
org.gudy.azureus2.pluginsimpl.local.update.UpdateInstallerImpl,test07,false
org.gudy.azureus2.pluginsimpl.local.update.UpdateInstallerImpl,test08,false
org.gudy.azureus2.pluginsimpl.local.update.UpdateInstallerImpl,test10,false
org.gudy.azureus2.pluginsimpl.local.update.UpdateInstallerImpl,test11,false
org.gudy.azureus2.pluginsimpl.local.update.UpdateInstallerImpl,test12,false
org.gudy.azureus2.pluginsimpl.local.update.UpdateInstallerImpl,test14,false
org.gudy.azureus2.core3.disk.impl.DiskManagerUtil,test03,false
org.gudy.azureus2.core3.disk.impl.DiskManagerUtil,test04,false
org.gudy.azureus2.core3.disk.impl.DiskManagerUtil,test05,false
org.gudy.azureus2.core3.disk.impl.DiskManagerUtil,test10,false
org.gudy.azureus2.core3.disk.impl.DiskManagerUtil,test14,false
org.gudy.azureus2.core3.disk.impl.DiskManagerUtil,test16,false
com.aelitis.azureus.ui.common.table.impl.TableColumnImpl,test019,false
com.aelitis.azureus.ui.common.table.impl.TableColumnImpl,test037,false
com.aelitis.azureus.ui.common.table.impl.TableColumnImpl,test047,false
com.aelitis.azureus.ui.common.table.impl.TableColumnImpl,test060,false
com.aelitis.azureus.core.networkmanager.impl.TransportImpl,test00,false
com.aelitis.azureus.core.networkmanager.impl.TransportImpl,test01,false
com.aelitis.azureus.core.networkmanager.impl.TransportImpl,test02,false
com.aelitis.azureus.core.networkmanager.impl.TransportImpl,test03,false
com.aelitis.azureus.core.networkmanager.impl.TransportImpl,test04,false
com.aelitis.azureus.core.networkmanager.impl.TransportImpl,test05,false
com.aelitis.azureus.core.networkmanager.impl.TransportImpl,test06,false
com.aelitis.azureus.core.networkmanager.impl.TransportImpl,test07,false
com.aelitis.azureus.core.networkmanager.impl.TransportImpl,test08,false
com.aelitis.azureus.core.networkmanager.impl.TransportImpl,test09,false
com.aelitis.azureus.core.networkmanager.impl.TransportImpl,test10,false
com.aelitis.azureus.core.networkmanager.impl.TransportImpl,test11,false
com.aelitis.azureus.core.networkmanager.impl.TransportImpl,test12,false
com.aelitis.azureus.core.networkmanager.impl.TransportImpl,test13,false
com.aelitis.azureus.core.networkmanager.impl.TransportImpl,test15,false
com.aelitis.azureus.core.networkmanager.impl.TransportImpl,test16,false
com.aelitis.azureus.core.networkmanager.impl.TransportImpl,test17,false
com.aelitis.azureus.core.networkmanager.impl.TransportImpl,test18,false
com.aelitis.azureus.core.networkmanager.impl.TransportImpl,test19,false
com.aelitis.azureus.core.networkmanager.impl.TransportImpl,test20,false
com.aelitis.azureus.core.networkmanager.impl.TransportImpl,test21,false
com.aelitis.azureus.core.networkmanager.impl.TransportImpl,test23,false
com.aelitis.azureus.core.subs.impl.SubscriptionBodyImpl,test01,false
com.aelitis.azureus.core.subs.impl.SubscriptionBodyImpl,test03,false
com.aelitis.azureus.core.subs.impl.SubscriptionBodyImpl,test04,false
com.aelitis.azureus.core.subs.impl.SubscriptionBodyImpl,test05,false
com.aelitis.azureus.core.subs.impl.SubscriptionBodyImpl,test06,false
com.aelitis.azureus.core.subs.impl.SubscriptionBodyImpl,test07,false
com.aelitis.azureus.core.subs.impl.SubscriptionBodyImpl,test08,false
com.aelitis.azureus.core.subs.impl.SubscriptionBodyImpl,test10,false
com.aelitis.azureus.core.diskmanager.access.impl.DiskAccessControllerInstance,test00,false
com.aelitis.azureus.core.diskmanager.access.impl.DiskAccessControllerInstance,test01,false
com.aelitis.azureus.core.diskmanager.access.impl.DiskAccessControllerInstance,test06,false
com.aelitis.azureus.core.diskmanager.access.impl.DiskAccessControllerInstance,test08,false
com.aelitis.azureus.core.diskmanager.access.impl.DiskAccessControllerInstance,test12,false
com.aelitis.azureus.core.diskmanager.access.impl.DiskAccessControllerInstance,test13,false
com.aelitis.azureus.core.content.AzureusPlatformContentDirectory,test0,false
com.aelitis.azureus.core.content.AzureusPlatformContentDirectory,test1,false
com.aelitis.azureus.core.content.AzureusPlatformContentDirectory,test2,false
com.aelitis.azureus.core.content.AzureusPlatformContentDirectory,test3,false
com.aelitis.azureus.core.content.AzureusPlatformContentDirectory,test4,false
com.aelitis.azureus.core.content.AzureusPlatformContentDirectory,test5,false
com.aelitis.azureus.core.lws.LightWeightSeed,test00,false
com.aelitis.azureus.core.lws.LightWeightSeed,test01,false
com.aelitis.azureus.core.lws.LightWeightSeed,test03,false
com.aelitis.azureus.core.lws.LightWeightSeed,test04,false
com.aelitis.azureus.core.lws.LightWeightSeed,test09,false
com.aelitis.azureus.core.lws.LightWeightSeed,test10,false
com.aelitis.azureus.core.lws.LightWeightSeed,test12,false
com.aelitis.azureus.core.lws.LightWeightSeed,test15,false
com.aelitis.azureus.core.lws.LightWeightSeed,test17,false
com.aelitis.azureus.core.peermanager.utils.BTPeerIDByteDecoderUtils,test00,false
com.aelitis.azureus.core.peermanager.utils.BTPeerIDByteDecoderUtils,test01,false
com.aelitis.azureus.core.peermanager.utils.BTPeerIDByteDecoderUtils,test02,false
com.aelitis.azureus.core.peermanager.utils.BTPeerIDByteDecoderUtils,test03,false
com.aelitis.azureus.core.peermanager.utils.BTPeerIDByteDecoderUtils,test04,false
com.aelitis.azureus.core.peermanager.utils.BTPeerIDByteDecoderUtils,test05,false
com.aelitis.azureus.core.peermanager.utils.BTPeerIDByteDecoderUtils,test06,false
com.aelitis.azureus.core.peermanager.utils.BTPeerIDByteDecoderUtils,test07,false
com.aelitis.azureus.core.peermanager.utils.BTPeerIDByteDecoderUtils,test08,false
com.aelitis.azureus.core.peermanager.utils.BTPeerIDByteDecoderUtils,test09,false
com.aelitis.azureus.core.peermanager.utils.BTPeerIDByteDecoderUtils,test10,false
com.aelitis.azureus.core.peermanager.utils.BTPeerIDByteDecoderUtils,test11,false
com.aelitis.azureus.core.peermanager.utils.BTPeerIDByteDecoderUtils,test12,false
com.aelitis.azureus.core.peermanager.utils.BTPeerIDByteDecoderUtils,test13,false
com.aelitis.azureus.core.peermanager.utils.BTPeerIDByteDecoderUtils,test14,false
com.aelitis.azureus.core.peermanager.utils.BTPeerIDByteDecoderUtils,test15,false
com.aelitis.azureus.core.peermanager.utils.BTPeerIDByteDecoderUtils,test16,false
com.aelitis.azureus.core.peermanager.utils.BTPeerIDByteDecoderUtils,test17,false
com.aelitis.azureus.core.peermanager.utils.BTPeerIDByteDecoderUtils,test18,false
com.aelitis.azureus.core.peermanager.utils.BTPeerIDByteDecoderUtils,test19,false
com.aelitis.azureus.core.peermanager.utils.BTPeerIDByteDecoderUtils,test20,false
com.aelitis.azureus.core.peermanager.utils.BTPeerIDByteDecoderUtils,test21,false
com.aelitis.azureus.core.peermanager.utils.BTPeerIDByteDecoderUtils,test22,false
com.aelitis.azureus.core.peermanager.utils.BTPeerIDByteDecoderUtils,test23,false
com.aelitis.azureus.core.peermanager.utils.BTPeerIDByteDecoderUtils,test24,false
com.aelitis.azureus.core.peermanager.utils.BTPeerIDByteDecoderUtils,test25,false
com.aelitis.azureus.core.peermanager.utils.BTPeerIDByteDecoderUtils,test26,false
com.aelitis.azureus.core.peermanager.utils.BTPeerIDByteDecoderUtils,test28,false
com.aelitis.azureus.core.peermanager.utils.BTPeerIDByteDecoderUtils,test29,false
com.aelitis.azureus.core.peermanager.utils.BTPeerIDByteDecoderUtils,test32,false
com.aelitis.azureus.core.peermanager.utils.BTPeerIDByteDecoderUtils,test33,false
com.aelitis.azureus.core.peermanager.utils.BTPeerIDByteDecoderUtils,test34,false
com.aelitis.azureus.core.peermanager.utils.BTPeerIDByteDecoderUtils,test35,false
com.aelitis.azureus.core.peermanager.utils.BTPeerIDByteDecoderUtils,test36,false
com.aelitis.azureus.core.peermanager.utils.BTPeerIDByteDecoderUtils,test37,false
com.aelitis.azureus.core.peermanager.utils.BTPeerIDByteDecoderUtils,test38,false
com.aelitis.azureus.core.peermanager.utils.BTPeerIDByteDecoderUtils,test39,false
com.aelitis.azureus.core.peermanager.utils.BTPeerIDByteDecoderUtils,test40,false
com.aelitis.azureus.core.peermanager.utils.BTPeerIDByteDecoderUtils,test42,false
com.aelitis.azureus.core.peermanager.utils.BTPeerIDByteDecoderUtils,test43,false
com.aelitis.azureus.core.peermanager.utils.BTPeerIDByteDecoderUtils,test44,false
com.aelitis.azureus.core.peermanager.utils.BTPeerIDByteDecoderUtils,test45,false
com.aelitis.azureus.core.peermanager.utils.BTPeerIDByteDecoderUtils,test46,false
com.aelitis.azureus.core.peermanager.utils.BTPeerIDByteDecoderUtils,test47,false
com.aelitis.azureus.core.peermanager.utils.BTPeerIDByteDecoderUtils,test48,false
com.aelitis.azureus.core.peermanager.utils.BTPeerIDByteDecoderUtils,test49,false
com.aelitis.azureus.core.peermanager.utils.BTPeerIDByteDecoderUtils,test50,false
com.aelitis.azureus.core.peermanager.utils.BTPeerIDByteDecoderUtils,test51,false
com.aelitis.azureus.core.peermanager.utils.BTPeerIDByteDecoderUtils,test53,false
com.aelitis.azureus.core.peermanager.utils.BTPeerIDByteDecoderUtils,test54,false
com.aelitis.azureus.core.peermanager.utils.BTPeerIDByteDecoderUtils,test55,false
com.aelitis.azureus.core.peermanager.utils.BTPeerIDByteDecoderUtils,test56,false
com.aelitis.azureus.core.peermanager.utils.BTPeerIDByteDecoderUtils,test57,false
com.aelitis.azureus.core.peermanager.utils.BTPeerIDByteDecoderUtils,test58,false
com.aelitis.azureus.core.peermanager.utils.BTPeerIDByteDecoderUtils,test59,false
com.aelitis.azureus.core.peermanager.utils.BTPeerIDByteDecoderUtils,test60,false
com.aelitis.azureus.core.peermanager.utils.BTPeerIDByteDecoderUtils,test61,false
com.aelitis.azureus.core.peermanager.utils.BTPeerIDByteDecoderUtils,test62,false
com.aelitis.azureus.core.peermanager.utils.BTPeerIDByteDecoderUtils,test63,false
com.aelitis.azureus.core.peermanager.utils.BTPeerIDByteDecoderUtils,test64,false
com.aelitis.azureus.core.peermanager.utils.BTPeerIDByteDecoderUtils,test65,false
com.aelitis.azureus.core.peermanager.utils.BTPeerIDByteDecoderUtils,test66,false
com.aelitis.azureus.core.peermanager.utils.BTPeerIDByteDecoderUtils,test67,false
com.aelitis.azureus.core.peermanager.utils.BTPeerIDByteDecoderUtils,test68,false
com.aelitis.azureus.core.peermanager.messaging.azureus.AZPeerExchange,test00,false
com.aelitis.azureus.core.peermanager.messaging.azureus.AZPeerExchange,test08,false
com.aelitis.azureus.core.peermanager.messaging.azureus.AZPeerExchange,test11,false
com.aelitis.azureus.core.devices.impl.DeviceTivoManager,test01,false
com.aelitis.azureus.core.devices.impl.DeviceTivoManager,test03,false
com.aelitis.azureus.core.devices.impl.DeviceTivoManager,test04,false
com.aelitis.azureus.core.devices.impl.DeviceTivoManager,test05,false
com.aelitis.azureus.core.devices.impl.DeviceTivoManager,test06,false
com.aelitis.azureus.core.devices.impl.DeviceTivoManager,test07,false
com.aelitis.azureus.core.devices.impl.DeviceTivoManager,test08,false
com.aelitis.azureus.core.devices.impl.DeviceTivoManager,test09,false
com.aelitis.azureus.core.devices.impl.DeviceTivoManager,test10,false
com.aelitis.azureus.core.devices.impl.DeviceTivoManager,test11,false
com.aelitis.azureus.core.devices.impl.DeviceTivoManager,test12,false
com.aelitis.azureus.core.devices.impl.DeviceTivoManager,test13,false
com.aelitis.azureus.core.devices.impl.DeviceTivoManager,test14,false
com.aelitis.azureus.core.devices.impl.DeviceTivoManager,test15,false
com.aelitis.azureus.core.devices.impl.DeviceTivoManager,test16,false
com.aelitis.azureus.core.devices.impl.DeviceDriveManager,test0,false
com.aelitis.azureus.core.devices.impl.DeviceDriveManager,test1,false
com.aelitis.azureus.core.devices.impl.DeviceDriveManager,test2,false
com.aelitis.azureus.core.devices.impl.DeviceDriveManager,test4,false
com.aelitis.azureus.core.devices.impl.DeviceDriveManager,test6,false
com.aelitis.azureus.core.devices.impl.DeviceDriveManager,test8,false
com.aelitis.azureus.util.ImportExportUtils,test06,false
com.aelitis.azureus.util.ImportExportUtils,test08,false
com.aelitis.azureus.util.ImportExportUtils,test13,false
com.aelitis.azureus.util.ImportExportUtils,test14,false
com.aelitis.azureus.util.ImportExportUtils,test18,false
com.aelitis.azureus.util.MapUtils,test00,false
com.aelitis.azureus.util.MapUtils,test01,false
com.aelitis.azureus.util.MapUtils,test02,false
com.aelitis.azureus.util.MapUtils,test03,false
com.aelitis.azureus.util.MapUtils,test04,false
com.aelitis.azureus.util.MapUtils,test05,false
com.aelitis.azureus.util.MapUtils,test06,false
com.aelitis.azureus.util.MapUtils,test07,false
com.aelitis.azureus.util.MapUtils,test08,false
com.aelitis.azureus.util.MapUtils,test09,false
com.aelitis.azureus.util.MapUtils,test10,false
com.aelitis.azureus.util.MapUtils,test11,false
com.aelitis.azureus.util.MapUtils,test12,false
com.aelitis.azureus.util.MapUtils,test13,false
com.aelitis.azureus.util.MapUtils,test14,false
com.aelitis.azureus.util.MapUtils,test15,false
com.aelitis.azureus.util.MapUtils,test17,false
com.aelitis.azureus.util.MapUtils,test18,false
com.aelitis.azureus.util.MapUtils,test19,false
com.aelitis.azureus.util.MapUtils,test20,false
com.aelitis.azureus.util.MapUtils,test21,false
com.aelitis.azureus.util.MapUtils,test23,false
com.aelitis.azureus.util.MapUtils,test25,false
com.aelitis.azureus.util.MapUtils,test26,false
com.aelitis.azureus.plugins.upnp.UPnPMappingManager,test0,false
com.aelitis.azureus.plugins.upnp.UPnPMappingManager,test1,false
com.aelitis.azureus.plugins.upnp.UPnPMappingManager,test2,false
com.aelitis.azureus.plugins.upnp.UPnPMappingManager,test3,false
com.aelitis.azureus.plugins.upnp.UPnPMappingManager,test4,false
com.aelitis.azureus.plugins.tracker.local.LocalTrackerPlugin,test00,false
com.aelitis.azureus.plugins.tracker.local.LocalTrackerPlugin,test01,false
com.aelitis.azureus.plugins.tracker.local.LocalTrackerPlugin,test02,false
com.aelitis.azureus.plugins.tracker.local.LocalTrackerPlugin,test03,false
com.aelitis.azureus.plugins.tracker.local.LocalTrackerPlugin,test04,false
com.aelitis.azureus.plugins.tracker.local.LocalTrackerPlugin,test05,false
com.aelitis.azureus.plugins.tracker.local.LocalTrackerPlugin,test06,false
com.aelitis.azureus.plugins.tracker.local.LocalTrackerPlugin,test07,false
com.aelitis.azureus.plugins.tracker.local.LocalTrackerPlugin,test08,false
com.aelitis.azureus.plugins.tracker.local.LocalTrackerPlugin,test09,false
com.aelitis.azureus.plugins.tracker.local.LocalTrackerPlugin,test10,false
com.aelitis.azureus.plugins.extseed.util.ExternalSeedHTTPDownloaderRange,test04,false
com.aelitis.azureus.plugins.extseed.util.ExternalSeedHTTPDownloaderRange,test05,false
org.objectweb.asm.jip.Frame,test000,false
org.objectweb.asm.jip.Frame,test001,false
org.objectweb.asm.jip.Frame,test002,false
org.objectweb.asm.jip.Frame,test003,false
org.objectweb.asm.jip.Frame,test004,false
org.objectweb.asm.jip.Frame,test005,false
org.objectweb.asm.jip.Frame,test006,false
org.objectweb.asm.jip.Frame,test007,false
org.objectweb.asm.jip.Frame,test009,false
org.objectweb.asm.jip.Frame,test010,false
org.objectweb.asm.jip.Frame,test011,false
org.objectweb.asm.jip.Frame,test012,false
org.objectweb.asm.jip.Frame,test013,false
org.objectweb.asm.jip.Frame,test014,false
org.objectweb.asm.jip.Frame,test015,false
org.objectweb.asm.jip.Frame,test016,false
org.objectweb.asm.jip.Frame,test017,false
org.objectweb.asm.jip.Frame,test018,false
org.objectweb.asm.jip.Frame,test019,false
org.objectweb.asm.jip.Frame,test020,false
org.objectweb.asm.jip.Frame,test021,false
org.objectweb.asm.jip.Frame,test022,false
org.objectweb.asm.jip.Frame,test023,false
org.objectweb.asm.jip.Frame,test025,false
org.objectweb.asm.jip.Frame,test026,false
org.objectweb.asm.jip.Frame,test027,false
org.objectweb.asm.jip.Frame,test028,false
org.objectweb.asm.jip.Frame,test031,false
org.objectweb.asm.jip.Frame,test032,false
org.objectweb.asm.jip.Frame,test033,false
org.objectweb.asm.jip.Frame,test034,false
org.objectweb.asm.jip.Frame,test035,false
org.objectweb.asm.jip.Frame,test036,false
org.objectweb.asm.jip.Frame,test037,false
org.objectweb.asm.jip.Frame,test038,false
org.objectweb.asm.jip.Frame,test040,false
org.objectweb.asm.jip.Frame,test041,false
org.objectweb.asm.jip.Frame,test042,false
org.objectweb.asm.jip.Frame,test044,false
org.objectweb.asm.jip.Frame,test045,false
org.objectweb.asm.jip.Frame,test046,false
org.objectweb.asm.jip.Frame,test047,false
org.objectweb.asm.jip.Frame,test048,false
org.objectweb.asm.jip.Frame,test049,false
org.objectweb.asm.jip.Frame,test050,false
org.objectweb.asm.jip.Frame,test051,false
org.objectweb.asm.jip.Frame,test052,false
org.objectweb.asm.jip.Frame,test053,false
org.objectweb.asm.jip.Frame,test054,false
org.objectweb.asm.jip.Frame,test055,false
org.objectweb.asm.jip.Frame,test056,false
org.objectweb.asm.jip.Frame,test057,false
org.objectweb.asm.jip.Frame,test058,false
org.objectweb.asm.jip.Frame,test059,false
org.objectweb.asm.jip.Frame,test060,false
org.objectweb.asm.jip.Frame,test061,false
org.objectweb.asm.jip.Frame,test062,false
org.objectweb.asm.jip.Frame,test063,false
org.objectweb.asm.jip.Frame,test064,false
org.objectweb.asm.jip.Frame,test066,false
org.objectweb.asm.jip.Frame,test067,false
org.objectweb.asm.jip.Frame,test068,false
org.objectweb.asm.jip.Frame,test069,false
org.objectweb.asm.jip.Frame,test070,false
org.objectweb.asm.jip.Frame,test071,false
org.objectweb.asm.jip.Frame,test072,false
org.objectweb.asm.jip.Frame,test073,false
org.objectweb.asm.jip.Frame,test074,false
org.objectweb.asm.jip.Frame,test075,false
org.objectweb.asm.jip.Frame,test076,false
org.objectweb.asm.jip.Frame,test077,false
org.objectweb.asm.jip.Frame,test078,false
org.objectweb.asm.jip.Frame,test079,false
org.objectweb.asm.jip.Frame,test080,false
org.objectweb.asm.jip.Frame,test081,false
org.objectweb.asm.jip.Frame,test082,false
org.objectweb.asm.jip.Frame,test083,false
org.objectweb.asm.jip.Frame,test084,false
org.objectweb.asm.jip.Frame,test085,false
org.objectweb.asm.jip.Frame,test086,false
org.objectweb.asm.jip.Frame,test087,false
org.objectweb.asm.jip.Frame,test088,false
org.objectweb.asm.jip.Frame,test089,false
org.objectweb.asm.jip.Frame,test090,false
org.objectweb.asm.jip.Frame,test091,false
org.objectweb.asm.jip.Frame,test092,false
org.objectweb.asm.jip.Frame,test093,false
org.objectweb.asm.jip.Frame,test094,false
org.objectweb.asm.jip.Frame,test095,false
org.objectweb.asm.jip.Frame,test096,false
org.objectweb.asm.jip.Frame,test097,false
org.objectweb.asm.jip.Frame,test098,false
org.objectweb.asm.jip.Frame,test099,false
org.objectweb.asm.jip.Frame,test100,false
org.objectweb.asm.jip.Frame,test101,false
org.objectweb.asm.jip.Frame,test102,false
org.objectweb.asm.jip.Frame,test103,false
org.objectweb.asm.jip.Frame,test104,false
org.objectweb.asm.jip.Frame,test105,false
org.objectweb.asm.jip.Frame,test106,false
org.objectweb.asm.jip.Frame,test107,false
org.objectweb.asm.jip.Frame,test108,false
org.objectweb.asm.jip.Frame,test109,false
org.objectweb.asm.jip.Frame,test110,false
org.objectweb.asm.jip.Frame,test111,false
org.objectweb.asm.jip.Frame,test112,false
org.objectweb.asm.jip.Frame,test113,false
org.objectweb.asm.jip.Frame,test114,false
org.objectweb.asm.jip.Frame,test116,false
org.objectweb.asm.jip.Frame,test117,false
org.objectweb.asm.jip.Frame,test118,false
org.objectweb.asm.jip.Frame,test119,false
org.objectweb.asm.jip.Frame,test120,false
org.objectweb.asm.jip.Frame,test121,false
org.objectweb.asm.jip.Frame,test122,false
org.objectweb.asm.jip.Frame,test123,false
org.objectweb.asm.jip.Frame,test124,false
org.objectweb.asm.jip.Frame,test125,false
org.objectweb.asm.jip.Frame,test126,false
org.objectweb.asm.jip.Frame,test128,false
org.objectweb.asm.jip.Frame,test129,false
org.objectweb.asm.jip.Frame,test130,false
org.objectweb.asm.jip.Frame,test132,false
org.objectweb.asm.jip.Frame,test133,false
org.objectweb.asm.jip.Frame,test134,false
org.objectweb.asm.jip.Frame,test135,false
org.objectweb.asm.jip.Frame,test136,false
org.objectweb.asm.jip.Frame,test137,false
org.objectweb.asm.jip.Frame,test138,false
org.objectweb.asm.jip.Frame,test139,false
org.objectweb.asm.jip.Frame,test140,false
org.objectweb.asm.jip.Frame,test141,false
org.objectweb.asm.jip.Frame,test142,false
org.objectweb.asm.jip.Frame,test143,false
org.objectweb.asm.jip.Frame,test144,false
org.objectweb.asm.jip.Frame,test145,false
org.objectweb.asm.jip.Frame,test146,false
org.objectweb.asm.jip.Frame,test147,false
org.objectweb.asm.jip.Frame,test148,false
org.objectweb.asm.jip.Frame,test150,false
org.objectweb.asm.jip.Frame,test151,false
org.objectweb.asm.jip.Frame,test152,false
org.objectweb.asm.jip.Frame,test153,false
org.objectweb.asm.jip.Frame,test154,false
org.objectweb.asm.jip.Frame,test155,false
org.objectweb.asm.jip.Frame,test156,false
org.objectweb.asm.jip.Frame,test158,false
org.objectweb.asm.jip.Frame,test159,false
org.objectweb.asm.jip.Frame,test160,false
org.objectweb.asm.jip.Frame,test161,false
org.objectweb.asm.jip.Frame,test163,false
org.objectweb.asm.jip.ClassReader,test00,false
org.objectweb.asm.jip.ClassReader,test01,false
org.objectweb.asm.jip.ClassReader,test10,false
org.objectweb.asm.jip.ClassReader,test14,false
de.huxhorn.lilith.swing.MainFrame,test0,false
de.huxhorn.lilith.swing.MainFrame,test1,false
de.huxhorn.lilith.swing.MainFrame,test2,false
de.huxhorn.lilith.swing.MainFrame,test3,false
de.huxhorn.lilith.swing.EventWrapperViewPanel,test00,false
de.huxhorn.lilith.swing.EventWrapperViewPanel,test01,false
de.huxhorn.lilith.swing.EventWrapperViewPanel,test02,false
de.huxhorn.lilith.swing.EventWrapperViewPanel,test03,false
de.huxhorn.lilith.swing.EventWrapperViewPanel,test04,false
de.huxhorn.lilith.swing.EventWrapperViewPanel,test05,false
de.huxhorn.lilith.swing.EventWrapperViewPanel,test06,false
de.huxhorn.lilith.swing.EventWrapperViewPanel,test07,false
de.huxhorn.lilith.swing.EventWrapperViewPanel,test08,false
de.huxhorn.lilith.swing.EventWrapperViewPanel,test09,false
de.huxhorn.lilith.swing.EventWrapperViewPanel,test10,false
Newzgrabber.Downloader,test08,false
Newzgrabber.Downloader,test15,false
httpanalyzer.HttpPreference,test0,false
httpanalyzer.HttpPreference,test1,false
net.virtualinfinity.atrobots.compiler.AtRobotLineLexer,test01,false
net.virtualinfinity.atrobots.compiler.AtRobotLineLexer,test02,false
net.virtualinfinity.atrobots.compiler.AtRobotLineLexer,test03,false
net.virtualinfinity.atrobots.compiler.AtRobotLineLexer,test04,false
net.virtualinfinity.atrobots.compiler.AtRobotLineLexer,test05,false
net.virtualinfinity.atrobots.compiler.AtRobotLineLexer,test06,false
net.virtualinfinity.atrobots.compiler.AtRobotLineLexer,test07,false
net.virtualinfinity.atrobots.compiler.AtRobotLineLexer,test09,false
net.virtualinfinity.atrobots.compiler.AtRobotLineLexer,test10,false
net.virtualinfinity.atrobots.compiler.AtRobotLineLexer,test11,false
net.virtualinfinity.atrobots.compiler.AtRobotLineLexer,test12,false
net.virtualinfinity.atrobots.compiler.AtRobotLineLexer,test13,false
net.virtualinfinity.atrobots.compiler.AtRobotLineLexer,test14,false
net.virtualinfinity.atrobots.compiler.AtRobotLineLexer,test15,false
net.virtualinfinity.atrobots.compiler.AtRobotLineLexer,test16,false
net.virtualinfinity.atrobots.compiler.AtRobotLineLexer,test17,false
net.virtualinfinity.atrobots.compiler.AtRobotLineLexer,test18,false
net.virtualinfinity.atrobots.compiler.AtRobotLineLexer,test19,false
net.virtualinfinity.atrobots.compiler.AtRobotLineLexer,test20,false
net.virtualinfinity.atrobots.compiler.AtRobotLineLexer,test21,false
net.virtualinfinity.atrobots.compiler.AtRobotLineLexer,test22,false
net.sourceforge.schemaspy.view.StyleSheet,test03,false
net.sourceforge.schemaspy.view.StyleSheet,test08,false
net.sourceforge.schemaspy.view.StyleSheet,test13,false
com.eteks.sweethome3d.swing.RoomPanel,test0,false
com.eteks.sweethome3d.viewcontroller.HomeController,test00,false
com.eteks.sweethome3d.viewcontroller.HomeController,test01,false
com.eteks.sweethome3d.viewcontroller.HomeController,test02,false
com.eteks.sweethome3d.viewcontroller.HomeController,test03,false
com.eteks.sweethome3d.viewcontroller.HomeController,test08,false
com.eteks.sweethome3d.viewcontroller.HomeController,test09,false
com.eteks.sweethome3d.viewcontroller.HomeController,test10,false
com.eteks.sweethome3d.viewcontroller.HomeController,test12,false
com.eteks.sweethome3d.viewcontroller.HomeController,test13,false
com.eteks.sweethome3d.viewcontroller.HomeController,test16,false
com.eteks.sweethome3d.viewcontroller.HomeController,test17,false
com.eteks.sweethome3d.viewcontroller.HomeController,test19,false
com.eteks.sweethome3d.viewcontroller.HomeController,test21,false
com.eteks.sweethome3d.viewcontroller.HomeController,test22,false
com.eteks.sweethome3d.viewcontroller.HomeController,test23,false
com.eteks.sweethome3d.viewcontroller.HomeController,test25,false
com.eteks.sweethome3d.viewcontroller.HomeController,test26,false
com.eteks.sweethome3d.viewcontroller.HomeController,test28,false
com.eteks.sweethome3d.viewcontroller.HomeController,test29,false
com.eteks.sweethome3d.viewcontroller.HomeController,test31,false
com.eteks.sweethome3d.viewcontroller.HomeController,test33,false
com.eteks.sweethome3d.viewcontroller.HomeController,test34,false
com.eteks.sweethome3d.viewcontroller.HomeController,test36,false
com.eteks.sweethome3d.viewcontroller.HomeController,test37,false
com.eteks.sweethome3d.viewcontroller.HomeController,test39,false
com.eteks.sweethome3d.viewcontroller.HomeController,test40,false
com.eteks.sweethome3d.viewcontroller.HomeController,test42,false
com.eteks.sweethome3d.viewcontroller.HomeController,test44,false
com.eteks.sweethome3d.viewcontroller.HomeController,test45,false
com.eteks.sweethome3d.viewcontroller.HomeController,test47,false
com.eteks.sweethome3d.viewcontroller.HomeController,test48,false
com.eteks.sweethome3d.viewcontroller.HomeController,test50,false
com.eteks.sweethome3d.j3d.Ground3D,test0,false
freemind.modes.common.actions.FindAction,test0,false
freemind.modes.common.actions.FindAction,test1,false
freemind.view.mindmapview.attributeview.AttributeView,test0,false
freemind.main.Base64Coding,test0,false
freemind.main.Base64Coding,test2,false
freemind.main.Base64Coding,test3,false
visu.handball.moves.model.PassEvent,test04,false
visu.handball.moves.model.PassEvent,test11,false
visu.handball.moves.model.PassEvent,test12,false
visu.handball.moves.model.PassEvent,test16,false
visu.handball.moves.model.PassEvent,test22,false
visu.handball.moves.model.PassEvent,test23,false
dk.statsbiblioteket.summa.ingest.split.SBMARCParser,test0,false
dk.statsbiblioteket.summa.ingest.stream.ArchiveReader,test0,false
dk.statsbiblioteket.summa.search.document.DocumentSearcherImpl,test03,false
dk.statsbiblioteket.summa.common.lucene.distribution.TermStatSource,test0,false
dk.statsbiblioteket.summa.common.lucene.distribution.TermStatSource,test1,false
dk.statsbiblioteket.summa.common.lucene.distribution.TermStatSource,test2,false
dk.statsbiblioteket.summa.common.lucene.distribution.TermStatSource,test3,false
dk.statsbiblioteket.summa.common.lucene.distribution.TermStatSource,test4,false
dk.statsbiblioteket.summa.common.Logging,test07,false
dk.statsbiblioteket.summa.common.Logging,test08,false
dk.statsbiblioteket.summa.common.Logging,test09,false
dk.statsbiblioteket.summa.common.Logging,test11,false
dk.statsbiblioteket.summa.common.Logging,test13,false
dk.statsbiblioteket.summa.common.Logging,test14,false
dk.statsbiblioteket.summa.common.Logging,test20,false
dk.statsbiblioteket.summa.common.Logging,test22,false
dk.statsbiblioteket.summa.common.Logging,test26,false
dk.statsbiblioteket.summa.common.Logging,test28,false
dk.statsbiblioteket.summa.common.Logging,test31,false
dk.statsbiblioteket.summa.common.Logging,test32,false
dk.statsbiblioteket.summa.common.Logging,test33,false
dk.statsbiblioteket.summa.common.Logging,test35,false
dk.statsbiblioteket.summa.common.Logging,test36,false
dk.statsbiblioteket.summa.common.Logging,test39,false
map.VisibilityMap,test0,false
org.mozilla.javascript.Parser,test01,false
org.mozilla.javascript.Parser,test02,false
org.mozilla.javascript.Parser,test17,false
org.mozilla.javascript.Parser,test24,false
weka.core.Javadoc,test14,false
weka.core.AlgVector,test03,false
weka.core.AlgVector,test04,false
weka.core.AlgVector,test06,false
weka.core.AlgVector,test10,false
weka.core.AlgVector,test17,false
weka.core.Attribute,test00,false
weka.core.Attribute,test03,false
weka.core.Attribute,test04,false
weka.core.Attribute,test11,false
weka.core.Attribute,test15,false
weka.core.Attribute,test27,false
weka.core.Attribute,test54,false
weka.core.Attribute,test66,false
weka.core.Attribute,test67,false
weka.core.Attribute,test68,false
weka.core.Attribute,test70,false
weka.core.Attribute,test72,false
weka.core.neighboursearch.BallTree,test00,false
weka.core.neighboursearch.BallTree,test01,false
weka.core.neighboursearch.BallTree,test03,false
weka.core.neighboursearch.BallTree,test04,false
weka.core.neighboursearch.BallTree,test05,false
weka.core.neighboursearch.BallTree,test06,false
weka.core.neighboursearch.BallTree,test07,false
weka.core.neighboursearch.BallTree,test08,false
weka.core.neighboursearch.BallTree,test10,false
weka.core.neighboursearch.BallTree,test11,false
weka.core.neighboursearch.BallTree,test12,false
weka.core.neighboursearch.BallTree,test13,false
weka.core.neighboursearch.BallTree,test16,false
weka.core.neighboursearch.BallTree,test17,false
weka.core.neighboursearch.BallTree,test19,false
weka.core.neighboursearch.BallTree,test21,false
weka.core.neighboursearch.BallTree,test22,false
weka.core.neighboursearch.BallTree,test23,false
weka.core.neighboursearch.BallTree,test24,false
weka.core.neighboursearch.BallTree,test25,false
weka.core.neighboursearch.BallTree,test26,false
weka.core.neighboursearch.BallTree,test29,false
weka.core.neighboursearch.BallTree,test35,false
weka.attributeSelection.BestFirst,test00,false
weka.attributeSelection.BestFirst,test01,false
weka.attributeSelection.BestFirst,test02,false
weka.attributeSelection.BestFirst,test06,false
weka.attributeSelection.BestFirst,test07,false
weka.attributeSelection.BestFirst,test09,false
weka.estimators.CheckEstimator,test00,false
weka.estimators.CheckEstimator,test04,false
weka.estimators.CheckEstimator,test05,false
weka.estimators.CheckEstimator,test08,false
weka.estimators.CheckEstimator,test09,false
weka.estimators.CheckEstimator,test10,false
weka.estimators.CheckEstimator,test12,false
weka.estimators.CheckEstimator,test14,false
weka.estimators.CheckEstimator,test15,false
weka.estimators.CheckEstimator,test19,false
weka.estimators.CheckEstimator,test27,false
weka.estimators.CheckEstimator,test29,false
weka.estimators.CheckEstimator,test33,false
weka.estimators.CheckEstimator,test36,false
weka.estimators.CheckEstimator,test37,false
weka.estimators.CheckEstimator,test38,false
weka.estimators.CheckEstimator,test39,false
weka.estimators.CheckEstimator,test43,false
weka.estimators.CheckEstimator,test44,false
weka.estimators.CheckEstimator,test47,false
weka.estimators.CheckEstimator,test48,false
weka.estimators.CheckEstimator,test49,false
weka.estimators.CheckEstimator,test51,false
weka.estimators.CheckEstimator,test52,false
weka.estimators.CheckEstimator,test54,false
weka.estimators.CheckEstimator,test55,false
weka.estimators.CheckEstimator,test56,false
weka.estimators.CheckEstimator,test60,false
weka.estimators.CheckEstimator,test62,false
weka.estimators.CheckEstimator,test64,false
weka.gui.PropertySheetPanel,test01,false
weka.gui.PropertySheetPanel,test02,false
weka.gui.PropertySheetPanel,test03,false
weka.gui.PropertySheetPanel,test09,false
weka.gui.PropertySheetPanel,test10,false
weka.gui.PropertySheetPanel,test12,false
weka.gui.beans.ClustererPerformanceEvaluator,test01,false
weka.gui.beans.ClustererPerformanceEvaluator,test02,false
weka.gui.beans.ClustererPerformanceEvaluator,test13,false
weka.gui.beans.Saver,test00,false
weka.gui.beans.Saver,test01,false
weka.gui.beans.Saver,test02,false
weka.gui.beans.Saver,test03,false
weka.gui.beans.Saver,test04,false
weka.gui.beans.Saver,test05,false
weka.gui.beans.Saver,test06,false
weka.gui.beans.Saver,test07,false
weka.gui.beans.Saver,test08,false
weka.gui.beans.Saver,test09,false
weka.gui.beans.Saver,test10,false
weka.gui.beans.Saver,test11,false
weka.gui.beans.Saver,test12,false
weka.gui.beans.Saver,test13,false
weka.gui.beans.Saver,test14,false
weka.gui.beans.Saver,test15,false
weka.gui.beans.Saver,test16,false
weka.gui.beans.Saver,test17,false
weka.gui.beans.Saver,test18,false
weka.gui.beans.Saver,test19,false
weka.gui.beans.Saver,test20,false
weka.gui.beans.Saver,test21,false
weka.gui.beans.Saver,test22,false
weka.gui.beans.FlowRunner,test00,false
weka.gui.beans.FlowRunner,test01,false
weka.gui.beans.FlowRunner,test03,false
weka.gui.beans.FlowRunner,test06,false
weka.gui.beans.FlowRunner,test09,false
weka.gui.beans.FlowRunner,test12,false
weka.gui.beans.FlowRunner,test14,false
weka.gui.beans.BeanInstance,test00,false
weka.gui.beans.BeanInstance,test01,false
weka.gui.beans.BeanInstance,test02,false
weka.gui.beans.BeanInstance,test03,false
weka.gui.beans.BeanInstance,test04,false
weka.gui.beans.BeanInstance,test05,false
weka.gui.beans.BeanInstance,test06,false
weka.gui.beans.BeanInstance,test07,false
weka.gui.beans.BeanInstance,test08,false
weka.gui.beans.BeanInstance,test10,false
weka.gui.beans.BeanInstance,test11,false
weka.gui.beans.BeanInstance,test15,false
weka.gui.beans.BeanInstance,test16,false
weka.gui.beans.BeanInstance,test18,false
weka.gui.beans.BeanInstance,test19,false
weka.gui.beans.BeanInstance,test20,false
weka.gui.beans.BeanInstance,test21,false
weka.gui.beans.BeanInstance,test23,false
weka.gui.beans.BeanInstance,test24,false
weka.gui.beans.BeanInstance,test25,false
weka.gui.beans.BeanInstance,test26,false
weka.gui.beans.BeanInstance,test27,false
weka.gui.beans.BeanInstance,test28,false
weka.gui.beans.BeanInstance,test29,false
weka.gui.beans.BeanInstance,test30,false
weka.gui.beans.BeanInstance,test31,false
weka.gui.beans.BeanInstance,test33,false
weka.gui.beans.BeanInstance,test38,false
weka.clusterers.Cobweb,test00,false
weka.clusterers.Cobweb,test01,false
weka.clusterers.Cobweb,test05,false
weka.clusterers.Cobweb,test14,false
weka.clusterers.Cobweb,test15,false
weka.clusterers.Cobweb,test18,false
weka.clusterers.MakeDensityBasedClusterer,test00,false
weka.clusterers.MakeDensityBasedClusterer,test09,false
weka.clusterers.MakeDensityBasedClusterer,test11,false
weka.experiment.RemoteExperiment,test08,false
weka.experiment.PairedTTester,test00,false
weka.experiment.PairedTTester,test02,false
weka.experiment.PairedTTester,test04,false
weka.experiment.PairedTTester,test08,false
weka.classifiers.trees.DecisionStump,test00,false
weka.classifiers.trees.DecisionStump,test01,false
weka.classifiers.trees.DecisionStump,test02,false
weka.classifiers.trees.DecisionStump,test03,false
weka.classifiers.trees.DecisionStump,test04,false
weka.classifiers.trees.DecisionStump,test05,false
weka.classifiers.trees.DecisionStump,test06,false
weka.classifiers.trees.DecisionStump,test07,false
weka.classifiers.trees.DecisionStump,test08,false
weka.classifiers.trees.DecisionStump,test09,false
weka.classifiers.trees.DecisionStump,test10,false
weka.classifiers.trees.DecisionStump,test11,false
weka.classifiers.trees.DecisionStump,test12,false
weka.classifiers.trees.DecisionStump,test13,false
weka.classifiers.trees.DecisionStump,test14,false
weka.classifiers.trees.DecisionStump,test15,false
weka.classifiers.bayes.net.search.local.LocalScoreSearchAlgorithm,test00,false
weka.classifiers.bayes.net.search.local.LocalScoreSearchAlgorithm,test01,false
weka.classifiers.bayes.net.search.local.LocalScoreSearchAlgorithm,test02,false
weka.classifiers.bayes.net.search.local.LocalScoreSearchAlgorithm,test03,false
weka.classifiers.bayes.net.search.local.LocalScoreSearchAlgorithm,test04,false
weka.classifiers.bayes.net.search.local.LocalScoreSearchAlgorithm,test06,false
weka.classifiers.bayes.net.search.local.LocalScoreSearchAlgorithm,test07,false
weka.classifiers.bayes.net.search.local.LocalScoreSearchAlgorithm,test09,false
weka.classifiers.bayes.net.search.local.LocalScoreSearchAlgorithm,test35,false
weka.classifiers.rules.DecisionTableHashKey,test00,false
weka.classifiers.rules.DecisionTableHashKey,test02,false
weka.classifiers.rules.DecisionTableHashKey,test03,false
weka.classifiers.rules.DecisionTableHashKey,test04,false
weka.classifiers.rules.DecisionTableHashKey,test05,false
weka.classifiers.rules.DecisionTableHashKey,test06,false
weka.classifiers.rules.DecisionTableHashKey,test07,false
weka.classifiers.rules.DecisionTableHashKey,test08,false
weka.classifiers.rules.DecisionTableHashKey,test09,false
weka.classifiers.rules.DecisionTableHashKey,test10,false
weka.classifiers.rules.DecisionTableHashKey,test11,false
weka.classifiers.rules.DecisionTableHashKey,test12,false
weka.classifiers.rules.DecisionTableHashKey,test13,false
com.sap.managementconsole.soap.axis.sapcontrol.J2EEClusterMsg,test00,false
com.sap.managementconsole.soap.axis.sapcontrol.J2EEClusterMsg,test01,false
com.sap.managementconsole.soap.axis.sapcontrol.J2EEClusterMsg,test04,false
com.sap.managementconsole.soap.axis.sapcontrol.J2EEClusterMsg,test05,false
com.sap.managementconsole.soap.axis.sapcontrol.J2EEClusterMsg,test06,false
com.sap.managementconsole.soap.axis.sapcontrol.J2EEClusterMsg,test08,false
org.heal.servlet.userreview.UserReviewDAO,test1,false
org.heal.servlet.userreview.UserReviewDAO,test5,false
org.heal.servlet.userreview.UserReviewDAO,test7,false
com.soops.CEN4010.JMCA.JParser.JavaParserTokenManager,test001,false
com.soops.CEN4010.JMCA.JParser.JavaParserTokenManager,test002,false
com.soops.CEN4010.JMCA.JParser.JavaParserTokenManager,test004,false
com.soops.CEN4010.JMCA.JParser.JavaParserTokenManager,test005,false
com.soops.CEN4010.JMCA.JParser.JavaParserTokenManager,test006,false
com.soops.CEN4010.JMCA.JParser.JavaParserTokenManager,test007,false
com.soops.CEN4010.JMCA.JParser.JavaParserTokenManager,test009,false
com.soops.CEN4010.JMCA.JParser.JavaParserTokenManager,test010,false
com.soops.CEN4010.JMCA.JParser.JavaParserTokenManager,test015,false
com.soops.CEN4010.JMCA.JParser.JavaParserTokenManager,test016,false
com.soops.CEN4010.JMCA.JParser.JavaParserTokenManager,test019,false
com.soops.CEN4010.JMCA.JParser.JavaParserTokenManager,test021,false
com.soops.CEN4010.JMCA.JParser.JavaParserTokenManager,test022,false
com.soops.CEN4010.JMCA.JParser.JavaParserTokenManager,test023,false
com.soops.CEN4010.JMCA.JParser.JavaParserTokenManager,test024,false
com.soops.CEN4010.JMCA.JParser.JavaParserTokenManager,test025,false
com.soops.CEN4010.JMCA.JParser.JavaParserTokenManager,test026,false
com.soops.CEN4010.JMCA.JParser.JavaParserTokenManager,test027,false
com.soops.CEN4010.JMCA.JParser.JavaParserTokenManager,test028,false
com.soops.CEN4010.JMCA.JParser.JavaParserTokenManager,test029,false
com.soops.CEN4010.JMCA.JParser.JavaParserTokenManager,test031,false
com.soops.CEN4010.JMCA.JParser.JavaParserTokenManager,test032,false
com.soops.CEN4010.JMCA.JParser.JavaParserTokenManager,test034,false
com.soops.CEN4010.JMCA.JParser.JavaParserTokenManager,test036,false
com.soops.CEN4010.JMCA.JParser.JavaParserTokenManager,test037,false
com.soops.CEN4010.JMCA.JParser.JavaParserTokenManager,test038,false
com.soops.CEN4010.JMCA.JParser.JavaParserTokenManager,test039,false
com.soops.CEN4010.JMCA.JParser.JavaParserTokenManager,test041,false
com.soops.CEN4010.JMCA.JParser.JavaParserTokenManager,test044,false
com.soops.CEN4010.JMCA.JParser.JavaParserTokenManager,test048,false
com.soops.CEN4010.JMCA.JParser.JavaParserTokenManager,test050,false
com.soops.CEN4010.JMCA.JParser.JavaParserTokenManager,test052,false
com.soops.CEN4010.JMCA.JParser.JavaParserTokenManager,test053,false
com.soops.CEN4010.JMCA.JParser.JavaParserTokenManager,test057,false
com.soops.CEN4010.JMCA.JParser.JavaParserTokenManager,test058,false
com.soops.CEN4010.JMCA.JParser.JavaParserTokenManager,test059,false
com.soops.CEN4010.JMCA.JParser.JavaParserTokenManager,test065,false
com.soops.CEN4010.JMCA.JParser.JavaParserTokenManager,test072,false
com.soops.CEN4010.JMCA.JParser.JavaParserTokenManager,test074,false
com.soops.CEN4010.JMCA.JParser.JavaParserTokenManager,test077,false
com.soops.CEN4010.JMCA.JParser.JavaParserTokenManager,test079,false
com.soops.CEN4010.JMCA.JParser.JavaParserTokenManager,test081,false
com.soops.CEN4010.JMCA.JParser.JavaParserTokenManager,test082,false
com.soops.CEN4010.JMCA.JParser.JavaParserTokenManager,test083,false
com.soops.CEN4010.JMCA.JParser.JavaParserTokenManager,test085,false
com.soops.CEN4010.JMCA.JParser.JavaParserTokenManager,test087,false
com.soops.CEN4010.JMCA.JParser.JavaParserTokenManager,test089,false
com.soops.CEN4010.JMCA.JParser.JavaParserTokenManager,test090,false
com.soops.CEN4010.JMCA.JParser.JavaParserTokenManager,test091,false
com.soops.CEN4010.JMCA.JParser.JavaParserTokenManager,test092,false
com.soops.CEN4010.JMCA.JParser.JavaParserTokenManager,test093,false
com.soops.CEN4010.JMCA.JParser.JavaParserTokenManager,test096,false
com.soops.CEN4010.JMCA.JParser.JavaParserTokenManager,test097,false
com.soops.CEN4010.JMCA.JParser.JavaParserTokenManager,test099,false
com.soops.CEN4010.JMCA.JParser.JavaParserTokenManager,test100,false
com.soops.CEN4010.JMCA.JParser.JavaParserTokenManager,test101,false
com.soops.CEN4010.JMCA.JParser.JavaParserTokenManager,test102,false
com.soops.CEN4010.JMCA.JParser.JavaParserTokenManager,test103,false
com.soops.CEN4010.JMCA.JParser.JavaParserTokenManager,test105,false
com.soops.CEN4010.JMCA.JParser.JavaParserTokenManager,test108,false
com.soops.CEN4010.JMCA.JParser.JavaParserTokenManager,test110,false
com.soops.CEN4010.JMCA.JParser.JavaParserTokenManager,test111,false
com.soops.CEN4010.JMCA.JParser.JavaParserTokenManager,test112,false
com.soops.CEN4010.JMCA.JParser.JavaParserTokenManager,test113,false
com.soops.CEN4010.JMCA.JParser.JavaParserTokenManager,test115,false
com.soops.CEN4010.JMCA.JParser.JavaParserTokenManager,test116,false
com.soops.CEN4010.JMCA.JParser.JavaParserTokenManager,test119,false
com.soops.CEN4010.JMCA.JParser.JavaParserTokenManager,test121,false
com.soops.CEN4010.JMCA.JParser.JavaParserTokenManager,test122,false
com.soops.CEN4010.JMCA.JParser.JavaParserTokenManager,test123,false
com.soops.CEN4010.JMCA.JParser.JavaParserTokenManager,test125,false
com.soops.CEN4010.JMCA.JParser.JavaParserTokenManager,test126,false
com.browsersoft.openhre.hl7.impl.config.HL7SegmentsConfigReaderImpl,test0,false
com.browsersoft.openhre.hl7.impl.config.HL7SegmentsConfigReaderImpl,test1,false
com.browsersoft.openhre.hl7.impl.config.HL7SegmentsConfigReaderImpl,test2,false
com.browsersoft.openhre.hl7.impl.config.HL7SegmentsConfigReaderImpl,test3,false
com.browsersoft.openhre.hl7.impl.regular.MessageTracerImpl,test00,false
com.browsersoft.openhre.hl7.impl.regular.MessageTracerImpl,test01,false
com.browsersoft.openhre.hl7.impl.regular.MessageTracerImpl,test02,false
com.browsersoft.openhre.hl7.impl.regular.MessageTracerImpl,test04,false
com.browsersoft.openhre.hl7.impl.regular.MessageTracerImpl,test05,false
com.browsersoft.openhre.hl7.impl.regular.MessageTracerImpl,test06,false
com.browsersoft.openhre.hl7.impl.regular.MessageTracerImpl,test07,false
com.browsersoft.openhre.hl7.impl.regular.MessageTracerImpl,test08,false
com.browsersoft.openhre.hl7.impl.regular.MessageTracerImpl,test09,false
com.browsersoft.openhre.hl7.impl.regular.MessageTracerImpl,test11,false
com.browsersoft.openhre.hl7.impl.regular.MessageTracerImpl,test12,false
com.browsersoft.openhre.hl7.impl.regular.MessageTracerImpl,test13,false
framework.util.ConvertUtils,test07,false
framework.util.ConvertUtils,test10,false
framework.util.ConvertUtils,test23,false
framework.util.ConvertUtils,test34,false
umd.cs.shop.JSListLogicalAtoms,test00,false
umd.cs.shop.JSListLogicalAtoms,test01,false
umd.cs.shop.JSListLogicalAtoms,test02,false
umd.cs.shop.JSListLogicalAtoms,test03,false
umd.cs.shop.JSListLogicalAtoms,test04,false
umd.cs.shop.JSListLogicalAtoms,test05,false
umd.cs.shop.JSListLogicalAtoms,test06,false
umd.cs.shop.JSListLogicalAtoms,test07,false
umd.cs.shop.JSListLogicalAtoms,test08,false
umd.cs.shop.JSListLogicalAtoms,test09,false
umd.cs.shop.JSListLogicalAtoms,test10,false
umd.cs.shop.JSListLogicalAtoms,test11,false
umd.cs.shop.JSListLogicalAtoms,test12,false
umd.cs.shop.JSListLogicalAtoms,test13,false
umd.cs.shop.JSListLogicalAtoms,test14,false
umd.cs.shop.JSListLogicalAtoms,test15,false
umd.cs.shop.JSListLogicalAtoms,test16,false
umd.cs.shop.JSListLogicalAtoms,test17,false
umd.cs.shop.JSListLogicalAtoms,test18,false
umd.cs.shop.JSListLogicalAtoms,test19,false
umd.cs.shop.JSListLogicalAtoms,test20,false
umd.cs.shop.JSListLogicalAtoms,test21,false
umd.cs.shop.JSListLogicalAtoms,test22,false
umd.cs.shop.JSListLogicalAtoms,test23,false
umd.cs.shop.JSListLogicalAtoms,test24,false
umd.cs.shop.JSListLogicalAtoms,test25,false
umd.cs.shop.JSListLogicalAtoms,test26,false
org.jsecurity.mgt.DefaultSecurityManager,test02,false
org.jsecurity.mgt.DefaultSecurityManager,test06,false
org.jsecurity.mgt.DefaultSecurityManager,test07,false
org.jsecurity.mgt.DefaultSecurityManager,test08,false
org.jsecurity.mgt.DefaultSecurityManager,test09,false
org.jsecurity.mgt.DefaultSecurityManager,test14,false
glengineer.blocks.HorizontalBlock,test00,false
glengineer.blocks.HorizontalBlock,test01,false
glengineer.blocks.HorizontalBlock,test02,false
glengineer.blocks.HorizontalBlock,test03,false
glengineer.blocks.HorizontalBlock,test04,false
glengineer.blocks.HorizontalBlock,test05,false
glengineer.blocks.HorizontalBlock,test06,false
glengineer.blocks.HorizontalBlock,test08,false
glengineer.blocks.HorizontalBlock,test09,false
glengineer.blocks.HorizontalBlock,test10,false
glengineer.blocks.HorizontalBlock,test11,false
glengineer.blocks.HorizontalBlock,test12,false
org.firebirdsql.jdbc.parser.JaybirdSqlLexer,test000,false
org.firebirdsql.jdbc.parser.JaybirdSqlLexer,test001,false
org.firebirdsql.jdbc.parser.JaybirdSqlLexer,test002,false
org.firebirdsql.jdbc.parser.JaybirdSqlLexer,test003,false
org.firebirdsql.jdbc.parser.JaybirdSqlLexer,test004,false
org.firebirdsql.jdbc.parser.JaybirdSqlLexer,test005,false
org.firebirdsql.jdbc.parser.JaybirdSqlLexer,test006,false
org.firebirdsql.jdbc.parser.JaybirdSqlLexer,test007,false
org.firebirdsql.jdbc.parser.JaybirdSqlLexer,test008,false
org.firebirdsql.jdbc.parser.JaybirdSqlLexer,test009,false
org.firebirdsql.jdbc.parser.JaybirdSqlLexer,test010,false
org.firebirdsql.jdbc.parser.JaybirdSqlLexer,test011,false
org.firebirdsql.jdbc.parser.JaybirdSqlLexer,test012,false
org.firebirdsql.jdbc.parser.JaybirdSqlLexer,test014,false
org.firebirdsql.jdbc.parser.JaybirdSqlLexer,test015,false
org.firebirdsql.jdbc.parser.JaybirdSqlLexer,test016,false
org.firebirdsql.jdbc.parser.JaybirdSqlLexer,test017,false
org.firebirdsql.jdbc.parser.JaybirdSqlLexer,test018,false
org.firebirdsql.jdbc.parser.JaybirdSqlLexer,test020,false
org.firebirdsql.jdbc.parser.JaybirdSqlLexer,test021,false
org.firebirdsql.jdbc.parser.JaybirdSqlLexer,test022,false
org.firebirdsql.jdbc.parser.JaybirdSqlLexer,test023,false
org.firebirdsql.jdbc.parser.JaybirdSqlLexer,test024,false
org.firebirdsql.jdbc.parser.JaybirdSqlLexer,test025,false
org.firebirdsql.jdbc.parser.JaybirdSqlLexer,test026,false
org.firebirdsql.jdbc.parser.JaybirdSqlLexer,test027,false
org.firebirdsql.jdbc.parser.JaybirdSqlLexer,test028,false
org.firebirdsql.jdbc.parser.JaybirdSqlLexer,test029,false
org.firebirdsql.jdbc.parser.JaybirdSqlLexer,test030,false
org.firebirdsql.jdbc.parser.JaybirdSqlLexer,test031,false
org.firebirdsql.jdbc.parser.JaybirdSqlLexer,test032,false
org.firebirdsql.jdbc.parser.JaybirdSqlLexer,test033,false
org.firebirdsql.jdbc.parser.JaybirdSqlLexer,test034,false
org.firebirdsql.jdbc.parser.JaybirdSqlLexer,test035,false
org.firebirdsql.jdbc.parser.JaybirdSqlLexer,test036,false
org.firebirdsql.jdbc.parser.JaybirdSqlLexer,test037,false
org.firebirdsql.jdbc.parser.JaybirdSqlLexer,test038,false
org.firebirdsql.jdbc.parser.JaybirdSqlLexer,test039,false
org.firebirdsql.jdbc.parser.JaybirdSqlLexer,test040,false
org.firebirdsql.jdbc.parser.JaybirdSqlLexer,test041,false
org.firebirdsql.jdbc.parser.JaybirdSqlLexer,test042,false
org.firebirdsql.jdbc.parser.JaybirdSqlLexer,test043,false
org.firebirdsql.jdbc.parser.JaybirdSqlLexer,test044,false
org.firebirdsql.jdbc.parser.JaybirdSqlLexer,test045,false
org.firebirdsql.jdbc.parser.JaybirdSqlLexer,test046,false
org.firebirdsql.jdbc.parser.JaybirdSqlLexer,test047,false
org.firebirdsql.jdbc.parser.JaybirdSqlLexer,test048,false
org.firebirdsql.jdbc.parser.JaybirdSqlLexer,test049,false
org.firebirdsql.jdbc.parser.JaybirdSqlLexer,test050,false
org.firebirdsql.jdbc.parser.JaybirdSqlLexer,test051,false
org.firebirdsql.jdbc.parser.JaybirdSqlLexer,test052,false
org.firebirdsql.jdbc.parser.JaybirdSqlLexer,test053,false
org.firebirdsql.jdbc.parser.JaybirdSqlLexer,test054,false
org.firebirdsql.jdbc.parser.JaybirdSqlLexer,test055,false
org.firebirdsql.jdbc.parser.JaybirdSqlLexer,test056,false
org.firebirdsql.jdbc.parser.JaybirdSqlLexer,test057,false
org.firebirdsql.jdbc.parser.JaybirdSqlLexer,test058,false
org.firebirdsql.jdbc.parser.JaybirdSqlLexer,test059,false
org.firebirdsql.jdbc.parser.JaybirdSqlLexer,test060,false
org.firebirdsql.jdbc.parser.JaybirdSqlLexer,test062,false
org.firebirdsql.jdbc.parser.JaybirdSqlLexer,test063,false
org.firebirdsql.jdbc.parser.JaybirdSqlLexer,test064,false
org.firebirdsql.jdbc.parser.JaybirdSqlLexer,test065,false
org.firebirdsql.jdbc.parser.JaybirdSqlLexer,test066,false
org.firebirdsql.jdbc.parser.JaybirdSqlLexer,test067,false
org.firebirdsql.jdbc.parser.JaybirdSqlLexer,test068,false
org.firebirdsql.jdbc.parser.JaybirdSqlLexer,test069,false
org.firebirdsql.jdbc.parser.JaybirdSqlLexer,test070,false
org.firebirdsql.jdbc.parser.JaybirdSqlLexer,test071,false
org.firebirdsql.jdbc.parser.JaybirdSqlLexer,test072,false
org.firebirdsql.jdbc.parser.JaybirdSqlLexer,test073,false
org.firebirdsql.jdbc.parser.JaybirdSqlLexer,test074,false
org.firebirdsql.jdbc.parser.JaybirdSqlLexer,test075,false
org.firebirdsql.jdbc.parser.JaybirdSqlLexer,test076,false
org.firebirdsql.jdbc.parser.JaybirdSqlLexer,test077,false
org.firebirdsql.jdbc.parser.JaybirdSqlLexer,test078,false
org.firebirdsql.jdbc.parser.JaybirdSqlLexer,test079,false
org.firebirdsql.jdbc.parser.JaybirdSqlLexer,test080,false
org.firebirdsql.jdbc.parser.JaybirdSqlLexer,test081,false
org.firebirdsql.jdbc.parser.JaybirdSqlLexer,test082,false
org.firebirdsql.jdbc.parser.JaybirdSqlLexer,test083,false
org.firebirdsql.jdbc.parser.JaybirdSqlLexer,test084,false
org.firebirdsql.jdbc.parser.JaybirdSqlLexer,test085,false
org.firebirdsql.jdbc.parser.JaybirdSqlLexer,test086,false
org.firebirdsql.jdbc.parser.JaybirdSqlLexer,test087,false
org.firebirdsql.jdbc.parser.JaybirdSqlLexer,test088,false
org.firebirdsql.jdbc.parser.JaybirdSqlLexer,test089,false
org.firebirdsql.jdbc.parser.JaybirdSqlLexer,test090,false
org.firebirdsql.jdbc.parser.JaybirdSqlLexer,test092,false
org.firebirdsql.jdbc.parser.JaybirdSqlLexer,test093,false
org.firebirdsql.jdbc.parser.JaybirdSqlLexer,test094,false
org.firebirdsql.jdbc.parser.JaybirdSqlLexer,test095,false
org.firebirdsql.jdbc.parser.JaybirdSqlLexer,test096,false
org.firebirdsql.jdbc.parser.JaybirdSqlLexer,test097,false
org.firebirdsql.jdbc.parser.JaybirdSqlLexer,test098,false
org.firebirdsql.jdbc.parser.JaybirdSqlLexer,test099,false
org.firebirdsql.jdbc.parser.JaybirdSqlLexer,test100,false
org.firebirdsql.jdbc.parser.JaybirdSqlLexer,test101,false
org.firebirdsql.jdbc.parser.JaybirdSqlLexer,test102,false
org.firebirdsql.jdbc.parser.JaybirdSqlLexer,test103,false
org.firebirdsql.jdbc.parser.JaybirdSqlLexer,test104,false
org.firebirdsql.jdbc.parser.JaybirdSqlLexer,test105,false
org.firebirdsql.jdbc.parser.JaybirdSqlLexer,test106,false
org.firebirdsql.jdbc.parser.JaybirdSqlLexer,test107,false
org.firebirdsql.jdbc.parser.JaybirdSqlLexer,test108,false
org.firebirdsql.jdbc.parser.JaybirdSqlLexer,test109,false
org.firebirdsql.jdbc.parser.JaybirdSqlLexer,test110,false
org.firebirdsql.jdbc.parser.JaybirdSqlLexer,test111,false
org.firebirdsql.jdbc.parser.JaybirdSqlLexer,test112,false
org.firebirdsql.jdbc.parser.JaybirdSqlLexer,test113,false
org.firebirdsql.jdbc.parser.JaybirdSqlLexer,test114,false
org.firebirdsql.jdbc.parser.JaybirdSqlLexer,test115,false
org.firebirdsql.jdbc.parser.JaybirdSqlLexer,test116,false
org.firebirdsql.jdbc.parser.JaybirdSqlLexer,test117,false
org.firebirdsql.jdbc.parser.JaybirdSqlLexer,test119,false
org.firebirdsql.jdbc.parser.JaybirdSqlLexer,test120,false
org.firebirdsql.jdbc.parser.JaybirdSqlLexer,test121,false
org.firebirdsql.jdbc.parser.JaybirdSqlLexer,test122,false
org.firebirdsql.jdbc.parser.JaybirdSqlLexer,test123,false
org.firebirdsql.jdbc.parser.JaybirdSqlLexer,test125,false
org.firebirdsql.jdbc.parser.JaybirdSqlLexer,test126,false
org.firebirdsql.jdbc.parser.JaybirdSqlLexer,test127,false
org.firebirdsql.jdbc.parser.JaybirdSqlLexer,test128,false
org.firebirdsql.jdbc.parser.JaybirdSqlLexer,test129,false
org.firebirdsql.jdbc.parser.JaybirdSqlLexer,test130,false
org.firebirdsql.jdbc.parser.JaybirdSqlLexer,test131,false
org.firebirdsql.jdbc.parser.JaybirdSqlLexer,test132,false
org.firebirdsql.jdbc.parser.JaybirdSqlLexer,test133,false
org.firebirdsql.jdbc.parser.JaybirdSqlLexer,test134,false
org.firebirdsql.jdbc.parser.JaybirdSqlLexer,test135,false
org.firebirdsql.jdbc.parser.JaybirdSqlLexer,test136,false
org.firebirdsql.jdbc.parser.JaybirdSqlLexer,test137,false
org.firebirdsql.jdbc.parser.JaybirdSqlLexer,test138,false
org.firebirdsql.jdbc.parser.JaybirdSqlLexer,test139,false
org.firebirdsql.jdbc.parser.JaybirdSqlLexer,test140,false
org.firebirdsql.jdbc.parser.JaybirdSqlLexer,test141,false
org.firebirdsql.jdbc.parser.JaybirdSqlLexer,test142,false
org.firebirdsql.jdbc.parser.JaybirdSqlLexer,test143,false
org.firebirdsql.jdbc.parser.JaybirdSqlLexer,test144,false
com.liferay.portal.security.pacl.checker.BaseChecker,test00,false
com.liferay.portal.security.pacl.checker.BaseChecker,test01,false
com.liferay.portal.security.pacl.checker.BaseChecker,test03,false
com.liferay.portal.security.pacl.checker.BaseChecker,test04,false
com.liferay.portal.security.pacl.checker.BaseChecker,test05,false
com.liferay.portal.security.pacl.checker.BaseChecker,test06,false
com.liferay.portal.security.pacl.checker.BaseChecker,test07,false
com.liferay.portal.security.pacl.checker.BaseChecker,test08,false
com.liferay.portal.security.pacl.checker.BaseChecker,test09,false
com.liferay.portal.security.pacl.checker.BaseChecker,test10,false
com.liferay.portal.security.pacl.checker.BaseChecker,test11,false
com.liferay.portal.security.pacl.checker.BaseChecker,test12,false
com.liferay.portal.security.pacl.checker.BaseChecker,test13,false
com.liferay.portal.json.jabsorb.serializer.LiferaySerializer,test0,false
com.liferay.portal.json.jabsorb.serializer.LiferaySerializer,test1,false
com.liferay.portal.json.jabsorb.serializer.LiferaySerializer,test2,false
com.liferay.portal.json.jabsorb.serializer.LiferaySerializer,test3,false
com.liferay.portal.json.jabsorb.serializer.LiferaySerializer,test4,false
com.liferay.portal.json.jabsorb.serializer.LiferaySerializer,test5,false
com.liferay.portal.json.jabsorb.serializer.LiferaySerializer,test6,false
com.liferay.portal.model.impl.TeamModelImpl,test00,false
com.liferay.portal.model.impl.TeamModelImpl,test01,false
com.liferay.portal.model.impl.TeamModelImpl,test02,false
com.liferay.portal.model.impl.TeamModelImpl,test24,false
com.liferay.portal.lar.LayoutImporter,test0,false
com.liferay.portal.lar.LayoutImporter,test1,false
com.liferay.portal.lar.LayoutImporter,test2,false
com.liferay.portal.lar.LayoutImporter,test3,false
com.liferay.portal.lar.LayoutImporter,test4,false
com.liferay.portal.lar.LayoutImporter,test5,false
com.liferay.portal.service.impl.GroupServiceImpl,test00,false
com.liferay.portal.service.impl.GroupServiceImpl,test03,false
com.liferay.portal.service.impl.GroupServiceImpl,test04,false
com.liferay.portal.service.impl.GroupServiceImpl,test06,false
com.liferay.portal.service.impl.GroupServiceImpl,test09,false
com.liferay.portal.service.impl.GroupServiceImpl,test10,false
com.liferay.portal.service.impl.GroupServiceImpl,test11,false
com.liferay.portal.service.impl.GroupServiceImpl,test12,false
com.liferay.portal.service.impl.GroupServiceImpl,test13,false
com.liferay.portal.service.impl.GroupServiceImpl,test15,false
com.liferay.portal.service.impl.GroupServiceImpl,test16,false
com.liferay.portal.service.impl.GroupServiceImpl,test18,false
com.liferay.portal.service.impl.GroupServiceImpl,test19,false
com.liferay.portal.service.impl.GroupServiceImpl,test20,false
com.liferay.portal.service.impl.GroupServiceImpl,test21,false
com.liferay.portal.service.impl.GroupServiceImpl,test22,false
com.liferay.portal.service.impl.GroupServiceImpl,test23,false
com.liferay.portal.service.persistence.GroupFinderImpl,test02,false
com.liferay.portal.service.persistence.GroupFinderImpl,test04,false
com.liferay.portal.service.persistence.GroupFinderImpl,test07,false
com.liferay.portal.service.persistence.GroupFinderImpl,test21,false
com.liferay.portal.service.persistence.GroupFinderImpl,test22,false
com.liferay.portal.service.persistence.GroupFinderImpl,test25,false
com.liferay.portal.service.persistence.GroupFinderImpl,test27,false
com.liferay.portal.service.persistence.GroupFinderImpl,test28,false
com.liferay.portal.service.persistence.GroupFinderImpl,test30,false
com.liferay.portal.service.persistence.GroupFinderImpl,test32,false
com.liferay.portal.service.persistence.GroupFinderImpl,test36,false
com.liferay.portal.service.persistence.GroupFinderImpl,test37,false
com.liferay.portal.service.persistence.GroupFinderImpl,test38,false
com.liferay.portal.service.persistence.GroupFinderImpl,test39,false
com.liferay.portal.service.persistence.GroupFinderImpl,test40,false
com.liferay.portal.service.persistence.GroupFinderImpl,test41,false
com.liferay.portal.service.persistence.GroupFinderImpl,test42,false
com.liferay.portal.service.persistence.GroupFinderImpl,test43,false
com.liferay.portal.service.persistence.GroupFinderImpl,test44,false
com.liferay.portal.service.persistence.GroupFinderImpl,test45,false
com.liferay.portal.service.persistence.GroupFinderImpl,test46,false
com.liferay.portal.service.persistence.GroupFinderImpl,test47,false
com.liferay.portal.service.persistence.GroupFinderImpl,test48,false
com.liferay.portal.service.persistence.GroupFinderImpl,test49,false
com.liferay.portal.service.persistence.GroupFinderImpl,test50,false
com.liferay.portal.service.persistence.GroupFinderImpl,test51,false
com.liferay.portal.service.persistence.GroupFinderImpl,test52,false
com.liferay.portal.service.persistence.GroupFinderImpl,test53,false
com.liferay.portal.service.persistence.GroupFinderImpl,test54,false
com.liferay.portal.service.persistence.GroupFinderImpl,test55,false
com.liferay.portal.service.persistence.GroupFinderImpl,test56,false
com.liferay.portal.service.persistence.GroupFinderImpl,test57,false
com.liferay.portal.service.persistence.GroupFinderImpl,test58,false
com.liferay.portal.service.persistence.GroupFinderImpl,test59,false
com.liferay.portal.events.ServicePreAction,test0,false
com.liferay.taglib.util.ThemeUtil,test0,false
com.liferay.taglib.util.ThemeUtil,test1,false
com.liferay.taglib.util.ThemeUtil,test2,false
com.liferay.taglib.util.ThemeUtil,test3,false
com.liferay.taglib.util.ThemeUtil,test4,false
com.liferay.taglib.util.ThemeUtil,test5,false
com.liferay.taglib.util.ThemeUtil,test6,false
com.liferay.util.bridges.mvc.MVCPortlet,test00,false
com.liferay.util.bridges.mvc.MVCPortlet,test01,false
com.liferay.util.bridges.mvc.MVCPortlet,test02,false
com.liferay.util.bridges.mvc.MVCPortlet,test03,false
com.liferay.util.bridges.mvc.MVCPortlet,test05,false
com.liferay.util.bridges.mvc.MVCPortlet,test06,false
com.liferay.util.bridges.mvc.MVCPortlet,test07,false
com.liferay.util.bridges.mvc.MVCPortlet,test08,false
com.liferay.util.bridges.mvc.MVCPortlet,test09,false
com.liferay.util.bridges.mvc.MVCPortlet,test10,false
com.liferay.util.bridges.mvc.MVCPortlet,test13,false
com.liferay.util.bridges.mvc.MVCPortlet,test14,false
com.liferay.util.bridges.mvc.MVCPortlet,test15,false
com.liferay.util.bridges.mvc.MVCPortlet,test16,false
com.liferay.portlet.journal.util.JournalUtil,test01,false
com.liferay.portlet.journal.util.JournalUtil,test03,false
com.liferay.portlet.journal.util.JournalUtil,test05,false
com.liferay.portlet.journal.util.JournalUtil,test06,false
com.liferay.portlet.journal.util.JournalUtil,test08,false
com.liferay.portlet.journal.util.JournalUtil,test09,false
com.liferay.portlet.journal.util.JournalUtil,test10,false
com.liferay.portlet.journal.util.JournalUtil,test11,false
com.liferay.portlet.journal.util.JournalUtil,test12,false
com.liferay.portlet.journal.util.JournalUtil,test13,false
com.liferay.portlet.journal.util.JournalUtil,test14,false
com.liferay.portlet.journal.util.JournalUtil,test15,false
com.liferay.portlet.journal.util.JournalUtil,test16,false
com.liferay.portlet.journal.util.JournalUtil,test17,false
com.liferay.portlet.journal.util.JournalUtil,test18,false
com.liferay.portlet.journal.util.JournalUtil,test19,false
com.liferay.portlet.journal.util.JournalUtil,test21,false
com.liferay.portlet.journal.util.JournalUtil,test22,false
com.liferay.portlet.journal.util.JournalUtil,test24,false
com.liferay.portlet.journal.util.JournalUtil,test26,false
com.liferay.portlet.journal.util.JournalUtil,test27,false
com.liferay.portlet.journal.util.JournalUtil,test29,false
com.liferay.portlet.journal.util.JournalUtil,test30,false
com.liferay.portlet.journal.util.JournalUtil,test34,false
com.liferay.portlet.journal.util.JournalUtil,test35,false
com.liferay.portlet.journal.util.JournalUtil,test36,false
com.liferay.portlet.journal.util.JournalUtil,test37,false
com.liferay.portlet.journal.util.JournalUtil,test38,false
com.liferay.portlet.journal.util.JournalUtil,test40,false
com.liferay.portlet.journal.util.JournalUtil,test41,false
com.liferay.portlet.journal.util.JournalUtil,test43,false
com.liferay.portlet.journal.util.JournalUtil,test44,false
com.liferay.portlet.journal.util.JournalUtil,test45,false
com.liferay.portlet.journal.util.JournalUtil,test47,false
com.liferay.portlet.journal.util.JournalUtil,test48,false
com.liferay.portlet.journal.util.JournalUtil,test50,false
com.liferay.portlet.journal.util.JournalUtil,test51,false
com.liferay.portlet.journal.util.JournalUtil,test52,false
com.liferay.portlet.journal.util.JournalUtil,test53,false
com.liferay.portlet.journal.util.JournalUtil,test54,false
com.liferay.portlet.journal.util.JournalUtil,test55,false
com.liferay.portlet.journal.util.JournalUtil,test56,false
com.liferay.portlet.journal.util.JournalUtil,test57,false
com.liferay.portlet.journal.util.JournalUtil,test58,false
com.liferay.portlet.journal.util.JournalUtil,test59,false
com.liferay.portlet.journal.util.JournalUtil,test60,false
com.liferay.portlet.journal.util.JournalUtil,test61,false
com.liferay.portlet.journal.util.JournalUtil,test62,false
com.liferay.portlet.blogs.service.http.BlogsEntryServiceHttp,test0,false
com.liferay.portlet.shopping.model.impl.ShoppingItemModelImpl,test01,false
com.liferay.portlet.shopping.model.impl.ShoppingItemModelImpl,test04,false
com.liferay.portlet.shopping.model.impl.ShoppingItemModelImpl,test24,false
com.liferay.portlet.shopping.model.impl.ShoppingItemModelImpl,test25,false
com.liferay.portlet.shopping.model.impl.ShoppingItemModelImpl,test34,false
com.liferay.portlet.shopping.service.impl.ShoppingOrderLocalServiceImpl,test00,false
com.liferay.portlet.shopping.service.impl.ShoppingOrderLocalServiceImpl,test01,false
com.liferay.portlet.shopping.service.impl.ShoppingOrderLocalServiceImpl,test02,false
com.liferay.portlet.shopping.service.impl.ShoppingOrderLocalServiceImpl,test04,false
com.liferay.portlet.shopping.service.impl.ShoppingOrderLocalServiceImpl,test08,false
com.liferay.portlet.shopping.service.impl.ShoppingOrderLocalServiceImpl,test10,false
com.liferay.portlet.shopping.service.impl.ShoppingOrderLocalServiceImpl,test11,false
com.liferay.portlet.asset.service.impl.AssetEntryLocalServiceImpl,test03,false
com.liferay.portlet.asset.service.impl.AssetEntryLocalServiceImpl,test09,false
com.liferay.portlet.asset.service.impl.AssetEntryLocalServiceImpl,test10,false
com.liferay.portlet.asset.service.impl.AssetEntryLocalServiceImpl,test11,false
com.liferay.portlet.asset.service.impl.AssetEntryLocalServiceImpl,test15,false
com.liferay.portlet.asset.service.impl.AssetEntryLocalServiceImpl,test17,false
com.liferay.portlet.asset.service.impl.AssetEntryLocalServiceImpl,test18,false
com.liferay.portlet.asset.service.impl.AssetEntryLocalServiceImpl,test23,false
com.liferay.portlet.asset.service.impl.AssetEntryLocalServiceImpl,test24,false
com.liferay.portlet.messageboards.action.EditMessageAction,test0,false
com.liferay.portlet.messageboards.action.EditMessageAction,test1,false
com.liferay.portlet.messageboards.action.EditMessageAction,test2,false
com.liferay.portlet.messageboards.action.EditMessageAction,test3,false
com.liferay.portlet.messageboards.action.EditMessageAction,test4,false
com.liferay.portlet.messageboards.action.EditMessageAction,test5,false
com.liferay.portlet.messageboards.action.EditMessageAction,test6,false
com.liferay.portlet.dynamicdatamapping.service.impl.DDMStructureLocalServiceImpl,test00,false
com.liferay.portlet.dynamicdatamapping.service.impl.DDMStructureLocalServiceImpl,test05,false
com.liferay.portlet.dynamicdatamapping.service.impl.DDMStructureLocalServiceImpl,test17,false
com.liferay.portlet.dynamicdatamapping.service.impl.DDMStructureLocalServiceImpl,test25,false
com.liferay.portlet.dynamicdatamapping.service.impl.DDMStructureLocalServiceImpl,test27,false
com.liferay.portlet.dynamicdatamapping.service.impl.DDMStructureLocalServiceImpl,test28,false
com.liferay.portlet.documentlibrary.service.impl.DLFolderLocalServiceImpl,test08,false
com.liferay.portlet.documentlibrary.service.impl.DLFolderLocalServiceImpl,test14,false
com.liferay.portlet.documentlibrary.service.impl.DLFolderLocalServiceImpl,test19,false
com.liferay.portlet.documentlibrary.service.impl.DLFolderLocalServiceImpl,test20,false
com.liferay.portlet.documentlibrary.service.impl.DLFolderLocalServiceImpl,test24,false
com.liferay.portlet.documentlibrary.service.impl.DLFolderLocalServiceImpl,test25,false
com.liferay.portlet.documentlibrary.service.impl.DLFolderLocalServiceImpl,test26,false
com.liferay.portlet.documentlibrary.service.impl.DLFolderLocalServiceImpl,test27,false
com.liferay.portlet.documentlibrary.service.impl.DLFolderLocalServiceImpl,test28,false
com.liferay.portlet.documentlibrary.service.impl.DLFolderLocalServiceImpl,test31,false
com.liferay.portlet.documentlibrary.service.impl.DLFolderLocalServiceImpl,test37,false
com.liferay.portlet.documentlibrary.service.impl.DLFolderLocalServiceImpl,test40,false
com.liferay.portlet.documentlibrary.service.impl.DLAppHelperLocalServiceImpl,test01,false
com.liferay.portlet.documentlibrary.service.impl.DLAppHelperLocalServiceImpl,test02,false
com.liferay.portlet.documentlibrary.service.impl.DLAppHelperLocalServiceImpl,test04,false
com.liferay.portlet.documentlibrary.service.impl.DLAppHelperLocalServiceImpl,test05,false
com.liferay.portlet.documentlibrary.service.impl.DLAppHelperLocalServiceImpl,test06,false
com.liferay.portlet.documentlibrary.service.impl.DLAppHelperLocalServiceImpl,test07,false
com.liferay.portlet.documentlibrary.service.impl.DLAppHelperLocalServiceImpl,test09,false
com.liferay.portlet.documentlibrary.service.impl.DLAppHelperLocalServiceImpl,test10,false
com.liferay.portlet.documentlibrary.service.impl.DLAppHelperLocalServiceImpl,test11,false
com.liferay.portlet.documentlibrary.service.impl.DLAppHelperLocalServiceImpl,test13,false
com.liferay.portlet.documentlibrary.service.impl.DLAppHelperLocalServiceImpl,test14,false
com.liferay.portlet.documentlibrary.service.impl.DLAppHelperLocalServiceImpl,test15,false
com.liferay.portlet.documentlibrary.service.impl.DLAppHelperLocalServiceImpl,test16,false
com.liferay.portlet.documentlibrary.service.impl.DLAppHelperLocalServiceImpl,test18,false
com.liferay.portlet.documentlibrary.service.impl.DLAppHelperLocalServiceImpl,test20,false
com.liferay.portlet.documentlibrary.service.impl.DLAppHelperLocalServiceImpl,test21,false
org.pdfsam.guiclient.dto.PdfSelectionTableItem,test0,false
org.pdfsam.guiclient.dto.PdfSelectionTableItem,test1,false
org.pdfsam.guiclient.dto.PdfSelectionTableItem,test2,false
org.pdfsam.guiclient.commons.panels.CloseableTabbedPane,test00,false
org.pdfsam.guiclient.commons.panels.CloseableTabbedPane,test01,false
org.pdfsam.guiclient.commons.panels.CloseableTabbedPane,test02,false
org.pdfsam.guiclient.commons.panels.CloseableTabbedPane,test03,false
org.pdfsam.guiclient.commons.panels.CloseableTabbedPane,test04,false
org.pdfsam.guiclient.commons.panels.CloseableTabbedPane,test05,false
org.pdfsam.guiclient.commons.panels.CloseableTabbedPane,test08,false
org.pdfsam.guiclient.commons.panels.CloseableTabbedPane,test09,false
org.pdfsam.guiclient.commons.panels.CloseableTabbedPane,test12,false
org.pdfsam.guiclient.commons.panels.CloseableTabbedPane,test13,false
org.pdfsam.guiclient.commons.panels.CloseableTabbedPane,test15,false
org.pdfsam.guiclient.commons.panels.CloseableTabbedPane,test16,false
org.pdfsam.guiclient.commons.panels.CloseableTabbedPane,test19,false
org.pdfsam.guiclient.commons.panels.CloseableTabbedPane,test21,false
org.pdfsam.plugin.coverfooter.listeners.RunButtonActionListener,test0,false
