approach,orig_filename,test_name,test_content,evaluator1,evaluator2,consensus
qmosa,107_weka/evosuite-tests/weka/core/Optimization_ESTest.java,9,test-0.java,no,no,no
qmosa,69_lhamacaw/evosuite-tests/macaw/businessLayer/SupportingDocument_ESTest.java,4,test-1.java,yes,no,no
qmosa,69_lhamacaw/evosuite-tests/macaw/businessLayer/SupportingDocument_ESTest.java,14,test-2.java,yes,no,no
qmosa,93_quickserver/evosuite-tests/org/quickserver/net/server/TheClient_ESTest.java,33,test-3.java,no,no,no
qmosa,57_hft-bomberman/evosuite-tests/client/network/ClientMsgReceiver_ESTest.java,0,test-4.java,no,no,no
qmosa,80_wheelwebtool/evosuite-tests/wheel/asm/FieldWriter_ESTest.java,8,test-5.java,no,no,no
qmosa,93_quickserver/evosuite-tests/org/quickserver/util/xmlreader/AdvancedSettings_ESTest.java,56,test-6.java,no,no,no
qmosa,75_openhre/evosuite-tests/com/browsersoft/openhre/hl7/impl/regular/ExpressionMatrixImpl_ESTest.java,22,test-7.java,no,no,no
qmosa,27_gangup/evosuite-tests/state/Player_ESTest.java,56,test-8.java,no,no,no
qmosa,93_quickserver/evosuite-tests/org/quickserver/net/server/TheClient_ESTest.java,23,test-9.java,no,no,no
qmosa,4_rif/evosuite-tests/com/densebrain/rif/client/RIFClassLoader_ESTest.java,1,test-10.java,no,no,no
qmosa,2_a4j/evosuite-tests/net/kencochrane/a4j/DAO/Product_ESTest.java,5,test-11.java,no,no,no
qmosa,107_weka/evosuite-tests/weka/core/Optimization_ESTest.java,1,test-12.java,no,no,no
qmosa,102_squirrel-sql/evosuite-tests/net/sourceforge/squirrel_sql/client/session/Session_ESTest.java,0,test-13.java,no,no,no
qmosa,52_lagoon/evosuite-tests/nu/staldal/lagoon/LagoonCLI_ESTest.java,2,test-14.java,no,no,no
qmosa,2_a4j/evosuite-tests/net/kencochrane/a4j/DAO/Product_ESTest.java,3,test-15.java,no,no,no
qmosa,107_weka/evosuite-tests/weka/core/Optimization_ESTest.java,11,test-16.java,no,no,no
qmosa,93_quickserver/evosuite-tests/org/quickserver/util/xmlreader/AdvancedSettings_ESTest.java,37,test-17.java,yes,no,no
qmosa,52_lagoon/evosuite-tests/nu/staldal/lagoon/LagoonCLI_ESTest.java,7,test-18.java,no,no,no
qmosa,92_jcvi-javacommon/evosuite-tests/org/jcvi/jillion/core/util/FileIterator_ESTest.java,11,test-19.java,no,no,no
qmosa,93_quickserver/evosuite-tests/org/quickserver/net/server/TheClient_ESTest.java,48,test-20.java,no,no,no
qmosa,107_weka/evosuite-tests/weka/core/Optimization_ESTest.java,3,test-21.java,no,no,no
qmosa,92_jcvi-javacommon/evosuite-tests/org/jcvi/jillion/core/util/FileIterator_ESTest.java,1,test-22.java,no,no,no
qmosa,27_gangup/evosuite-tests/state/Player_ESTest.java,17,test-23.java,no,no,no
qmosa,93_quickserver/evosuite-tests/org/quickserver/net/server/TheClient_ESTest.java,30,test-24.java,no,no,no
qmosa,52_lagoon/evosuite-tests/nu/staldal/lagoon/LagoonCLI_ESTest.java,5,test-25.java,no,no,no
qmosa,80_wheelwebtool/evosuite-tests/wheel/asm/FieldWriter_ESTest.java,13,test-26.java,no,no,no
qmosa,80_wheelwebtool/evosuite-tests/wheel/asm/FieldWriter_ESTest.java,19,test-27.java,no,no,no
qmosa,18_jsecurity/evosuite-tests/org/jsecurity/authc/UsernamePasswordToken_ESTest.java,28,test-28.java,no,no,no
qmosa,69_lhamacaw/evosuite-tests/macaw/businessLayer/SupportingDocument_ESTest.java,38,test-29.java,no,no,no
qmosa,4_rif/evosuite-tests/com/densebrain/rif/client/RIFClassLoader_ESTest.java,4,test-30.java,no,no,no
qmosa,80_wheelwebtool/evosuite-tests/wheel/asm/FieldWriter_ESTest.java,4,test-31.java,no,no,no
qmosa,93_quickserver/evosuite-tests/org/quickserver/util/xmlreader/AdvancedSettings_ESTest.java,65,test-32.java,no,no,no
qmosa,80_wheelwebtool/evosuite-tests/wheel/asm/FieldWriter_ESTest.java,18,test-33.java,yes,yes,yes
qmosa,27_gangup/evosuite-tests/state/Player_ESTest.java,52,test-34.java,no,no,no
qmosa,69_lhamacaw/evosuite-tests/macaw/businessLayer/SupportingDocument_ESTest.java,8,test-35.java,no,no,no
qmosa,18_jsecurity/evosuite-tests/org/jsecurity/authc/UsernamePasswordToken_ESTest.java,5,test-36.java,no,no,no
qmosa,69_lhamacaw/evosuite-tests/macaw/businessLayer/SupportingDocument_ESTest.java,0,test-37.java,no,no,no
qmosa,107_weka/evosuite-tests/weka/core/Optimization_ESTest.java,7,test-38.java,no,no,no
qmosa,99_newzgrabber/evosuite-tests/Newzgrabber/Base64Decoder_ESTest.java,7,test-39.java,no,no,no
qmosa,80_wheelwebtool/evosuite-tests/wheel/asm/FieldWriter_ESTest.java,17,test-40.java,no,no,no
qmosa,103_sweethome3d/evosuite-tests/com/eteks/sweethome3d/model/HomeEnvironment_ESTest.java,87,test-41.java,no,no,no
qmosa,80_wheelwebtool/evosuite-tests/wheel/asm/FieldWriter_ESTest.java,2,test-42.java,no,no,no
qmosa,93_quickserver/evosuite-tests/org/quickserver/net/server/TheClient_ESTest.java,5,test-43.java,no,no,no
qmosa,93_quickserver/evosuite-tests/org/quickserver/net/server/TheClient_ESTest.java,60,test-44.java,yes,no,no
qmosa,27_gangup/evosuite-tests/state/Player_ESTest.java,21,test-45.java,no,no,no
qmosa,93_quickserver/evosuite-tests/org/quickserver/util/xmlreader/AdvancedSettings_ESTest.java,42,test-46.java,no,no,no
qmosa,2_a4j/evosuite-tests/net/kencochrane/a4j/DAO/Product_ESTest.java,4,test-47.java,no,no,no
qmosa,27_gangup/evosuite-tests/state/Player_ESTest.java,58,test-48.java,yes,yes,yes
qmosa,2_a4j/evosuite-tests/net/kencochrane/a4j/DAO/Product_ESTest.java,1,test-49.java,no,no,no
qmosa,93_quickserver/evosuite-tests/org/quickserver/util/xmlreader/AdvancedSettings_ESTest.java,7,test-50.java,no,no,no
qmosa,103_sweethome3d/evosuite-tests/com/eteks/sweethome3d/model/HomeEnvironment_ESTest.java,51,test-51.java,no,no,no
qmosa,69_lhamacaw/evosuite-tests/macaw/businessLayer/SupportingDocument_ESTest.java,33,test-52.java,no,no,no
qmosa,92_jcvi-javacommon/evosuite-tests/org/jcvi/jillion/core/util/FileIterator_ESTest.java,0,test-53.java,yes,yes,yes
qmosa,103_sweethome3d/evosuite-tests/com/eteks/sweethome3d/model/HomeEnvironment_ESTest.java,46,test-54.java,no,no,no
qmosa,9_falselight/evosuite-tests/Services_ESTest.java,8,test-55.java,no,no,no
qmosa,9_falselight/evosuite-tests/Services_ESTest.java,9,test-56.java,no,no,no
qmosa,27_gangup/evosuite-tests/state/Player_ESTest.java,18,test-57.java,no,no,no
qmosa,80_wheelwebtool/evosuite-tests/wheel/asm/FieldWriter_ESTest.java,3,test-58.java,no,no,no
qmosa,69_lhamacaw/evosuite-tests/macaw/businessLayer/SupportingDocument_ESTest.java,41,test-59.java,no,no,no
qmosa,103_sweethome3d/evosuite-tests/com/eteks/sweethome3d/model/HomeEnvironment_ESTest.java,40,test-60.java,no,no,no
qmosa,75_openhre/evosuite-tests/com/browsersoft/openhre/hl7/impl/regular/ExpressionMatrixImpl_ESTest.java,11,test-61.java,yes,yes,yes
qmosa,75_openhre/evosuite-tests/com/browsersoft/openhre/hl7/impl/regular/ExpressionMatrixImpl_ESTest.java,18,test-62.java,yes,yes,yes
qmosa,92_jcvi-javacommon/evosuite-tests/org/jcvi/jillion/core/util/FileIterator_ESTest.java,13,test-63.java,no,no,no
qmosa,93_quickserver/evosuite-tests/org/quickserver/net/server/TheClient_ESTest.java,1,test-64.java,yes,no,no
qmosa,93_quickserver/evosuite-tests/org/quickserver/net/server/TheClient_ESTest.java,11,test-65.java,yes,no,no
qmosa,103_sweethome3d/evosuite-tests/com/eteks/sweethome3d/model/HomeEnvironment_ESTest.java,84,test-66.java,no,no,no
qmosa,4_rif/evosuite-tests/com/densebrain/rif/client/RIFClassLoader_ESTest.java,3,test-67.java,no,no,no
qmosa,99_newzgrabber/evosuite-tests/Newzgrabber/Base64Decoder_ESTest.java,3,test-68.java,no,no,no
qmosa,69_lhamacaw/evosuite-tests/macaw/businessLayer/SupportingDocument_ESTest.java,2,test-69.java,no,no,no
qmosa,52_lagoon/evosuite-tests/nu/staldal/lagoon/LagoonCLI_ESTest.java,9,test-70.java,no,no,no
qmosa,93_quickserver/evosuite-tests/org/quickserver/net/server/TheClient_ESTest.java,21,test-71.java,yes,no,no
qmosa,52_lagoon/evosuite-tests/nu/staldal/lagoon/LagoonCLI_ESTest.java,1,test-72.java,no,no,no
qmosa,69_lhamacaw/evosuite-tests/macaw/businessLayer/SupportingDocument_ESTest.java,17,test-73.java,no,no,no
qmosa,107_weka/evosuite-tests/weka/core/Optimization_ESTest.java,8,test-74.java,no,no,no
qmosa,4_rif/evosuite-tests/com/densebrain/rif/client/RIFClassLoader_ESTest.java,6,test-75.java,no,no,no
qmosa,18_jsecurity/evosuite-tests/org/jsecurity/authc/UsernamePasswordToken_ESTest.java,22,test-76.java,no,no,no
qmosa,2_a4j/evosuite-tests/net/kencochrane/a4j/DAO/Product_ESTest.java,0,test-77.java,no,no,no
qmosa,92_jcvi-javacommon/evosuite-tests/org/jcvi/jillion/core/util/FileIterator_ESTest.java,2,test-78.java,no,no,no
qmosa,107_weka/evosuite-tests/weka/core/Optimization_ESTest.java,0,test-79.java,no,no,no
qmosa,69_lhamacaw/evosuite-tests/macaw/businessLayer/SupportingDocument_ESTest.java,3,test-80.java,no,no,no
qmosa,69_lhamacaw/evosuite-tests/macaw/businessLayer/SupportingDocument_ESTest.java,31,test-81.java,no,no,no
qmosa,2_a4j/evosuite-tests/net/kencochrane/a4j/DAO/Product_ESTest.java,2,test-82.java,no,no,no
qmosa,4_rif/evosuite-tests/com/densebrain/rif/client/RIFClassLoader_ESTest.java,2,test-83.java,no,no,no
qmosa,69_lhamacaw/evosuite-tests/macaw/businessLayer/SupportingDocument_ESTest.java,7,test-84.java,no,no,no
qmosa,93_quickserver/evosuite-tests/org/quickserver/net/server/TheClient_ESTest.java,37,test-85.java,no,no,no
qmosa,103_sweethome3d/evosuite-tests/com/eteks/sweethome3d/model/HomeEnvironment_ESTest.java,1,test-86.java,yes,yes,yes
qmosa,99_newzgrabber/evosuite-tests/Newzgrabber/Base64Decoder_ESTest.java,8,test-87.java,no,no,no
qmosa,93_quickserver/evosuite-tests/org/quickserver/net/server/TheClient_ESTest.java,54,test-88.java,yes,no,no
qmosa,93_quickserver/evosuite-tests/org/quickserver/util/xmlreader/AdvancedSettings_ESTest.java,45,test-89.java,no,no,no
qmosa,92_jcvi-javacommon/evosuite-tests/org/jcvi/jillion/core/util/FileIterator_ESTest.java,15,test-90.java,no,no,no
qmosa,4_rif/evosuite-tests/com/densebrain/rif/client/RIFClassLoader_ESTest.java,5,test-91.java,no,no,no
qmosa,69_lhamacaw/evosuite-tests/macaw/businessLayer/SupportingDocument_ESTest.java,1,test-92.java,no,no,no
qmosa,52_lagoon/evosuite-tests/nu/staldal/lagoon/LagoonCLI_ESTest.java,6,test-93.java,no,no,no
qmosa,99_newzgrabber/evosuite-tests/Newzgrabber/Base64Decoder_ESTest.java,2,test-94.java,no,no,no
qmosa,93_quickserver/evosuite-tests/org/quickserver/net/server/TheClient_ESTest.java,6,test-95.java,no,no,no
qmosa,92_jcvi-javacommon/evosuite-tests/org/jcvi/jillion/core/util/FileIterator_ESTest.java,17,test-96.java,no,no,no
qmosa,93_quickserver/evosuite-tests/org/quickserver/net/server/TheClient_ESTest.java,59,test-97.java,no,no,no
qmosa,52_lagoon/evosuite-tests/nu/staldal/lagoon/LagoonCLI_ESTest.java,0,test-98.java,no,no,no
qmosa,9_falselight/evosuite-tests/Services_ESTest.java,19,test-99.java,no,no,no
qmosa,99_newzgrabber/evosuite-tests/Newzgrabber/Base64Decoder_ESTest.java,0,test-100.java,no,no,no
qmosa,52_lagoon/evosuite-tests/nu/staldal/lagoon/LagoonCLI_ESTest.java,11,test-101.java,no,no,no
qmosa,93_quickserver/evosuite-tests/org/quickserver/net/server/TheClient_ESTest.java,57,test-102.java,no,no,no
qmosa,107_weka/evosuite-tests/weka/core/Optimization_ESTest.java,2,test-103.java,no,no,no
qmosa,9_falselight/evosuite-tests/Services_ESTest.java,12,test-104.java,no,no,no
qmosa,75_openhre/evosuite-tests/com/browsersoft/openhre/hl7/impl/regular/ExpressionMatrixImpl_ESTest.java,28,test-105.java,yes,yes,yes
qmosa,92_jcvi-javacommon/evosuite-tests/org/jcvi/jillion/core/util/FileIterator_ESTest.java,4,test-106.java,no,no,no
qmosa,9_falselight/evosuite-tests/Services_ESTest.java,13,test-107.java,no,no,no
qmosa,80_wheelwebtool/evosuite-tests/wheel/asm/FieldWriter_ESTest.java,16,test-108.java,no,no,no
qmosa,52_lagoon/evosuite-tests/nu/staldal/lagoon/LagoonCLI_ESTest.java,8,test-109.java,no,no,no
qmosa,18_jsecurity/evosuite-tests/org/jsecurity/authc/UsernamePasswordToken_ESTest.java,9,test-110.java,no,no,no
qmosa,103_sweethome3d/evosuite-tests/com/eteks/sweethome3d/model/HomeEnvironment_ESTest.java,14,test-111.java,no,no,no
qmosa,9_falselight/evosuite-tests/Services_ESTest.java,0,test-112.java,no,no,no
qmosa,4_rif/evosuite-tests/com/densebrain/rif/client/RIFClassLoader_ESTest.java,0,test-113.java,no,no,no
qmosa,75_openhre/evosuite-tests/com/browsersoft/openhre/hl7/impl/regular/ExpressionMatrixImpl_ESTest.java,23,test-114.java,yes,yes,yes
qmosa,92_jcvi-javacommon/evosuite-tests/org/jcvi/jillion/core/util/FileIterator_ESTest.java,5,test-115.java,no,no,no
qmosa,52_lagoon/evosuite-tests/nu/staldal/lagoon/LagoonCLI_ESTest.java,10,test-116.java,no,no,no
qmosa,69_lhamacaw/evosuite-tests/macaw/businessLayer/SupportingDocument_ESTest.java,12,test-117.java,yes,no,no
qmosa,92_jcvi-javacommon/evosuite-tests/org/jcvi/jillion/core/util/FileIterator_ESTest.java,9,test-118.java,no,no,no
qmosa,69_lhamacaw/evosuite-tests/macaw/businessLayer/SupportingDocument_ESTest.java,19,test-119.java,no,no,no
qmosa,107_weka/evosuite-tests/weka/core/Optimization_ESTest.java,15,test-120.java,no,no,no
qmosa,92_jcvi-javacommon/evosuite-tests/org/jcvi/jillion/core/util/FileIterator_ESTest.java,19,test-121.java,no,no,no
qmosa,103_sweethome3d/evosuite-tests/com/eteks/sweethome3d/model/HomeEnvironment_ESTest.java,98,test-122.java,no,no,no
qmosa,69_lhamacaw/evosuite-tests/macaw/businessLayer/SupportingDocument_ESTest.java,16,test-123.java,yes,no,no
qmosa,69_lhamacaw/evosuite-tests/macaw/businessLayer/SupportingDocument_ESTest.java,30,test-124.java,no,no,no
qmosa,107_weka/evosuite-tests/weka/core/Optimization_ESTest.java,12,test-125.java,no,no,no
qmosa,27_gangup/evosuite-tests/state/Player_ESTest.java,47,test-126.java,no,no,no
qmosa,27_gangup/evosuite-tests/state/Player_ESTest.java,25,test-127.java,no,no,no
qmosa,9_falselight/evosuite-tests/Services_ESTest.java,10,test-128.java,no,no,no
qmosa,9_falselight/evosuite-tests/Services_ESTest.java,15,test-129.java,no,no,no
qmosa,93_quickserver/evosuite-tests/org/quickserver/net/server/TheClient_ESTest.java,50,test-130.java,no,no,no
qmosa,80_wheelwebtool/evosuite-tests/wheel/asm/FieldWriter_ESTest.java,12,test-131.java,yes,yes,yes
qmosa,103_sweethome3d/evosuite-tests/com/eteks/sweethome3d/model/HomeEnvironment_ESTest.java,19,test-132.java,no,no,no
qmosa,80_wheelwebtool/evosuite-tests/wheel/asm/FieldWriter_ESTest.java,5,test-133.java,yes,yes,yes
qmosa,93_quickserver/evosuite-tests/org/quickserver/util/xmlreader/AdvancedSettings_ESTest.java,1,test-134.java,no,no,no
qmosa,99_newzgrabber/evosuite-tests/Newzgrabber/Base64Decoder_ESTest.java,4,test-135.java,no,no,no
qmosa,93_quickserver/evosuite-tests/org/quickserver/net/server/TheClient_ESTest.java,27,test-136.java,no,no,no
qmosa,103_sweethome3d/evosuite-tests/com/eteks/sweethome3d/model/HomeEnvironment_ESTest.java,23,test-137.java,no,no,no
qmosa,99_newzgrabber/evosuite-tests/Newzgrabber/Base64Decoder_ESTest.java,1,test-138.java,no,no,no
qmosa,93_quickserver/evosuite-tests/org/quickserver/util/xmlreader/AdvancedSettings_ESTest.java,57,test-139.java,no,no,no
qmosa,103_sweethome3d/evosuite-tests/com/eteks/sweethome3d/model/HomeEnvironment_ESTest.java,7,test-140.java,no,no,no
qmosa,9_falselight/evosuite-tests/Services_ESTest.java,17,test-141.java,no,no,no
qmosa,75_openhre/evosuite-tests/com/browsersoft/openhre/hl7/impl/regular/ExpressionMatrixImpl_ESTest.java,4,test-142.java,yes,yes,yes
qmosa,18_jsecurity/evosuite-tests/org/jsecurity/authc/UsernamePasswordToken_ESTest.java,27,test-143.java,no,no,no
qmosa,92_jcvi-javacommon/evosuite-tests/org/jcvi/jillion/core/util/FileIterator_ESTest.java,20,test-144.java,no,no,no
qmosa,27_gangup/evosuite-tests/state/Player_ESTest.java,55,test-145.java,no,no,no
qmosa,9_falselight/evosuite-tests/Services_ESTest.java,4,test-146.java,no,no,no
qmosa,80_wheelwebtool/evosuite-tests/wheel/asm/FieldWriter_ESTest.java,10,test-147.java,no,no,no
qmosa,75_openhre/evosuite-tests/com/browsersoft/openhre/hl7/impl/regular/ExpressionMatrixImpl_ESTest.java,7,test-148.java,yes,yes,yes
qmosa,75_openhre/evosuite-tests/com/browsersoft/openhre/hl7/impl/regular/ExpressionMatrixImpl_ESTest.java,15,test-149.java,yes,yes,yes
qmosa,75_openhre/evosuite-tests/com/browsersoft/openhre/hl7/impl/regular/ExpressionMatrixImpl_ESTest.java,0,test-150.java,yes,yes,yes
qmosa,93_quickserver/evosuite-tests/org/quickserver/util/xmlreader/AdvancedSettings_ESTest.java,24,test-151.java,no,no,no
qmosa,93_quickserver/evosuite-tests/org/quickserver/util/xmlreader/AdvancedSettings_ESTest.java,23,test-152.java,no,no,no
qmosa,93_quickserver/evosuite-tests/org/quickserver/util/xmlreader/AdvancedSettings_ESTest.java,35,test-153.java,no,no,no
qmosa,69_lhamacaw/evosuite-tests/macaw/businessLayer/SupportingDocument_ESTest.java,39,test-154.java,no,no,no
qmosa,69_lhamacaw/evosuite-tests/macaw/businessLayer/SupportingDocument_ESTest.java,37,test-155.java,no,no,no
qmosa,99_newzgrabber/evosuite-tests/Newzgrabber/Base64Decoder_ESTest.java,5,test-156.java,no,no,no
qmosa,107_weka/evosuite-tests/weka/core/Optimization_ESTest.java,14,test-157.java,no,no,no
qmosa,93_quickserver/evosuite-tests/org/quickserver/util/xmlreader/AdvancedSettings_ESTest.java,33,test-158.java,no,no,no
qmosa,92_jcvi-javacommon/evosuite-tests/org/jcvi/jillion/core/util/FileIterator_ESTest.java,16,test-159.java,no,no,no
qmosa,69_lhamacaw/evosuite-tests/macaw/businessLayer/SupportingDocument_ESTest.java,27,test-160.java,no,no,no
qmosa,75_openhre/evosuite-tests/com/browsersoft/openhre/hl7/impl/regular/ExpressionMatrixImpl_ESTest.java,20,test-161.java,no,no,no
qmosa,69_lhamacaw/evosuite-tests/macaw/businessLayer/SupportingDocument_ESTest.java,32,test-162.java,no,no,no
qmosa,18_jsecurity/evosuite-tests/org/jsecurity/authc/UsernamePasswordToken_ESTest.java,6,test-163.java,no,no,no
qmosa,27_gangup/evosuite-tests/state/Player_ESTest.java,5,test-164.java,no,no,no
qmosa,52_lagoon/evosuite-tests/nu/staldal/lagoon/LagoonCLI_ESTest.java,3,test-165.java,no,no,no
qmosa,107_weka/evosuite-tests/weka/core/Optimization_ESTest.java,6,test-166.java,no,no,no
qmosa,27_gangup/evosuite-tests/state/Player_ESTest.java,53,test-167.java,no,no,no
qmosa,99_newzgrabber/evosuite-tests/Newzgrabber/Base64Decoder_ESTest.java,6,test-168.java,no,no,no
qmosa,27_gangup/evosuite-tests/state/Player_ESTest.java,32,test-169.java,no,no,no
qmosa,52_lagoon/evosuite-tests/nu/staldal/lagoon/LagoonCLI_ESTest.java,4,test-170.java,no,no,no
qmosa,27_gangup/evosuite-tests/state/Player_ESTest.java,51,test-171.java,no,no,no
qmosa,107_weka/evosuite-tests/weka/core/Optimization_ESTest.java,4,test-172.java,no,no,no
qmosa,92_jcvi-javacommon/evosuite-tests/org/jcvi/jillion/core/util/FileIterator_ESTest.java,14,test-173.java,no,no,no
qmosa,18_jsecurity/evosuite-tests/org/jsecurity/authc/UsernamePasswordToken_ESTest.java,24,test-174.java,no,no,no
qmosa,92_jcvi-javacommon/evosuite-tests/org/jcvi/jillion/core/util/FileIterator_ESTest.java,7,test-175.java,no,no,no
qmosa,107_weka/evosuite-tests/weka/core/Optimization_ESTest.java,13,test-176.java,no,no,no
qmosa,80_wheelwebtool/evosuite-tests/wheel/asm/FieldWriter_ESTest.java,9,test-177.java,no,no,no
qmosa,107_weka/evosuite-tests/weka/core/Optimization_ESTest.java,10,test-178.java,no,no,no
qmosa,107_weka/evosuite-tests/weka/core/Optimization_ESTest.java,5,test-179.java,no,no,no
qmosa,93_quickserver/evosuite-tests/org/quickserver/util/xmlreader/AdvancedSettings_ESTest.java,49,test-180.java,no,no,no
qmosa,93_quickserver/evosuite-tests/org/quickserver/util/xmlreader/AdvancedSettings_ESTest.java,2,test-181.java,no,no,no
qmosa,93_quickserver/evosuite-tests/org/quickserver/net/server/TheClient_ESTest.java,29,test-182.java,no,no,no
qmosa,80_wheelwebtool/evosuite-tests/wheel/asm/FieldWriter_ESTest.java,1,test-183.java,no,no,no
qmosa,80_wheelwebtool/evosuite-tests/wheel/asm/FieldWriter_ESTest.java,6,test-184.java,no,no,no
qmosa,75_openhre/evosuite-tests/com/browsersoft/openhre/hl7/impl/regular/ExpressionMatrixImpl_ESTest.java,8,test-185.java,yes,yes,yes
qmosa,93_quickserver/evosuite-tests/org/quickserver/util/xmlreader/AdvancedSettings_ESTest.java,51,test-186.java,no,no,no
qmosa,75_openhre/evosuite-tests/com/browsersoft/openhre/hl7/impl/regular/ExpressionMatrixImpl_ESTest.java,27,test-187.java,yes,yes,yes
qmosa,93_quickserver/evosuite-tests/org/quickserver/util/xmlreader/AdvancedSettings_ESTest.java,29,test-188.java,no,no,no
qmosa,103_sweethome3d/evosuite-tests/com/eteks/sweethome3d/model/HomeEnvironment_ESTest.java,65,test-189.java,no,no,no
qmosa,18_jsecurity/evosuite-tests/org/jsecurity/authc/UsernamePasswordToken_ESTest.java,29,test-190.java,no,no,no
qmosa,80_wheelwebtool/evosuite-tests/wheel/asm/FieldWriter_ESTest.java,11,test-191.java,yes,yes,yes
qmosa,93_quickserver/evosuite-tests/org/quickserver/net/server/TheClient_ESTest.java,58,test-192.java,no,no,no
qmosa,9_falselight/evosuite-tests/Services_ESTest.java,7,test-193.java,no,no,no
qmosa,93_quickserver/evosuite-tests/org/quickserver/net/server/TheClient_ESTest.java,55,test-194.java,no,no,no
qmosa,18_jsecurity/evosuite-tests/org/jsecurity/authc/UsernamePasswordToken_ESTest.java,25,test-195.java,no,no,no
qmosa,69_lhamacaw/evosuite-tests/macaw/businessLayer/SupportingDocument_ESTest.java,26,test-196.java,no,no,no
qmosa,103_sweethome3d/evosuite-tests/com/eteks/sweethome3d/model/HomeEnvironment_ESTest.java,99,test-197.java,no,no,no
qmosa,103_sweethome3d/evosuite-tests/com/eteks/sweethome3d/model/HomeEnvironment_ESTest.java,88,test-198.java,no,no,no
qmosa,27_gangup/evosuite-tests/state/Player_ESTest.java,59,test-199.java,no,no,no
qmosa,80_wheelwebtool/evosuite-tests/wheel/asm/FieldWriter_ESTest.java,7,test-200.java,no,no,no
qmosa,93_quickserver/evosuite-tests/org/quickserver/util/xmlreader/AdvancedSettings_ESTest.java,30,test-201.java,no,no,no
qmosa,27_gangup/evosuite-tests/state/Player_ESTest.java,35,test-202.java,no,no,no
qmosa,93_quickserver/evosuite-tests/org/quickserver/net/server/TheClient_ESTest.java,42,test-203.java,no,no,no
qmosa,92_jcvi-javacommon/evosuite-tests/org/jcvi/jillion/core/util/FileIterator_ESTest.java,3,test-204.java,yes,yes,yes
qmosa,9_falselight/evosuite-tests/Services_ESTest.java,5,test-205.java,no,no,no
qmosa,18_jsecurity/evosuite-tests/org/jsecurity/authc/UsernamePasswordToken_ESTest.java,11,test-206.java,no,no,no
qmosa,93_quickserver/evosuite-tests/org/quickserver/net/server/TheClient_ESTest.java,40,test-207.java,no,no,no
qmosa,93_quickserver/evosuite-tests/org/quickserver/net/server/TheClient_ESTest.java,8,test-208.java,no,no,no
qmosa,103_sweethome3d/evosuite-tests/com/eteks/sweethome3d/model/HomeEnvironment_ESTest.java,74,test-209.java,yes,yes,yes
qmosa,27_gangup/evosuite-tests/state/Player_ESTest.java,19,test-210.java,no,no,no
qmosa,27_gangup/evosuite-tests/state/Player_ESTest.java,29,test-211.java,no,no,no
qmosa,9_falselight/evosuite-tests/Services_ESTest.java,16,test-212.java,no,no,no
qmosa,92_jcvi-javacommon/evosuite-tests/org/jcvi/jillion/core/util/FileIterator_ESTest.java,12,test-213.java,no,no,no
qmosa,9_falselight/evosuite-tests/Services_ESTest.java,6,test-214.java,no,no,no
qmosa,93_quickserver/evosuite-tests/org/quickserver/util/xmlreader/AdvancedSettings_ESTest.java,39,test-215.java,no,no,no
qmosa,18_jsecurity/evosuite-tests/org/jsecurity/authc/UsernamePasswordToken_ESTest.java,12,test-216.java,no,no,no
qmosa,75_openhre/evosuite-tests/com/browsersoft/openhre/hl7/impl/regular/ExpressionMatrixImpl_ESTest.java,19,test-217.java,yes,yes,yes
qmosa,80_wheelwebtool/evosuite-tests/wheel/asm/FieldWriter_ESTest.java,15,test-218.java,no,no,no
qmosa,93_quickserver/evosuite-tests/org/quickserver/net/server/TheClient_ESTest.java,41,test-219.java,no,no,no
qmosa,75_openhre/evosuite-tests/com/browsersoft/openhre/hl7/impl/regular/ExpressionMatrixImpl_ESTest.java,17,test-220.java,yes,yes,yes
qmosa,80_wheelwebtool/evosuite-tests/wheel/asm/FieldWriter_ESTest.java,14,test-221.java,no,no,no
qmosa,93_quickserver/evosuite-tests/org/quickserver/net/server/TheClient_ESTest.java,14,test-222.java,no,no,no
qmosa,9_falselight/evosuite-tests/Services_ESTest.java,18,test-223.java,no,no,no
qmosa,9_falselight/evosuite-tests/Services_ESTest.java,2,test-224.java,no,no,no
qmosa,18_jsecurity/evosuite-tests/org/jsecurity/authc/UsernamePasswordToken_ESTest.java,26,test-225.java,no,no,no
qmosa,103_sweethome3d/evosuite-tests/com/eteks/sweethome3d/model/HomeEnvironment_ESTest.java,80,test-226.java,no,no,no
qmosa,69_lhamacaw/evosuite-tests/macaw/businessLayer/SupportingDocument_ESTest.java,25,test-227.java,no,no,no
qmosa,93_quickserver/evosuite-tests/org/quickserver/net/server/TheClient_ESTest.java,47,test-228.java,no,no,no
qmosa,69_lhamacaw/evosuite-tests/macaw/businessLayer/SupportingDocument_ESTest.java,13,test-229.java,no,no,no
qmosa,93_quickserver/evosuite-tests/org/quickserver/util/xmlreader/AdvancedSettings_ESTest.java,50,test-230.java,no,no,no
qmosa,18_jsecurity/evosuite-tests/org/jsecurity/authc/UsernamePasswordToken_ESTest.java,10,test-231.java,no,no,no
qmosa,92_jcvi-javacommon/evosuite-tests/org/jcvi/jillion/core/util/FileIterator_ESTest.java,10,test-232.java,no,no,no
qmosa,93_quickserver/evosuite-tests/org/quickserver/util/xmlreader/AdvancedSettings_ESTest.java,25,test-233.java,no,no,no
qmosa,80_wheelwebtool/evosuite-tests/wheel/asm/FieldWriter_ESTest.java,0,test-234.java,no,no,no
qmosa,75_openhre/evosuite-tests/com/browsersoft/openhre/hl7/impl/regular/ExpressionMatrixImpl_ESTest.java,29,test-235.java,yes,yes,yes
qmosa,69_lhamacaw/evosuite-tests/macaw/businessLayer/SupportingDocument_ESTest.java,11,test-236.java,no,no,no
qmosa,93_quickserver/evosuite-tests/org/quickserver/net/server/TheClient_ESTest.java,7,test-237.java,no,no,no
qmosa,103_sweethome3d/evosuite-tests/com/eteks/sweethome3d/model/HomeEnvironment_ESTest.java,91,test-238.java,no,no,no
qmosa,92_jcvi-javacommon/evosuite-tests/org/jcvi/jillion/core/util/FileIterator_ESTest.java,8,test-239.java,no,no,no
qmosa,75_openhre/evosuite-tests/com/browsersoft/openhre/hl7/impl/regular/ExpressionMatrixImpl_ESTest.java,21,test-240.java,yes,yes,yes
qmosa,9_falselight/evosuite-tests/Services_ESTest.java,1,test-241.java,no,no,no
qmosa,18_jsecurity/evosuite-tests/org/jsecurity/authc/UsernamePasswordToken_ESTest.java,18,test-242.java,no,no,no
qmosa,18_jsecurity/evosuite-tests/org/jsecurity/authc/UsernamePasswordToken_ESTest.java,7,test-243.java,no,no,no
qmosa,75_openhre/evosuite-tests/com/browsersoft/openhre/hl7/impl/regular/ExpressionMatrixImpl_ESTest.java,16,test-244.java,yes,yes,yes
qmosa,27_gangup/evosuite-tests/state/Player_ESTest.java,28,test-245.java,no,no,no
qmosa,93_quickserver/evosuite-tests/org/quickserver/util/xmlreader/AdvancedSettings_ESTest.java,43,test-246.java,no,no,no
qmosa,75_openhre/evosuite-tests/com/browsersoft/openhre/hl7/impl/regular/ExpressionMatrixImpl_ESTest.java,3,test-247.java,yes,yes,yes
qmosa,75_openhre/evosuite-tests/com/browsersoft/openhre/hl7/impl/regular/ExpressionMatrixImpl_ESTest.java,12,test-248.java,yes,yes,yes
qmosa,75_openhre/evosuite-tests/com/browsersoft/openhre/hl7/impl/regular/ExpressionMatrixImpl_ESTest.java,1,test-249.java,yes,yes,yes
qmosa,75_openhre/evosuite-tests/com/browsersoft/openhre/hl7/impl/regular/ExpressionMatrixImpl_ESTest.java,24,test-250.java,yes,yes,yes
qmosa,27_gangup/evosuite-tests/state/Player_ESTest.java,50,test-251.java,no,no,no
qmosa,75_openhre/evosuite-tests/com/browsersoft/openhre/hl7/impl/regular/ExpressionMatrixImpl_ESTest.java,13,test-252.java,yes,yes,yes
qmosa,69_lhamacaw/evosuite-tests/macaw/businessLayer/SupportingDocument_ESTest.java,21,test-253.java,no,no,no
qmosa,69_lhamacaw/evosuite-tests/macaw/businessLayer/SupportingDocument_ESTest.java,22,test-254.java,no,no,no
qmosa,18_jsecurity/evosuite-tests/org/jsecurity/authc/UsernamePasswordToken_ESTest.java,31,test-255.java,no,no,no
qmosa,69_lhamacaw/evosuite-tests/macaw/businessLayer/SupportingDocument_ESTest.java,43,test-256.java,no,no,no
qmosa,93_quickserver/evosuite-tests/org/quickserver/net/server/TheClient_ESTest.java,16,test-257.java,no,no,no
qmosa,92_jcvi-javacommon/evosuite-tests/org/jcvi/jillion/core/util/FileIterator_ESTest.java,6,test-258.java,no,no,no
qmosa,93_quickserver/evosuite-tests/org/quickserver/net/server/TheClient_ESTest.java,15,test-259.java,no,no,no
qmosa,69_lhamacaw/evosuite-tests/macaw/businessLayer/SupportingDocument_ESTest.java,9,test-260.java,no,no,no
qmosa,75_openhre/evosuite-tests/com/browsersoft/openhre/hl7/impl/regular/ExpressionMatrixImpl_ESTest.java,10,test-261.java,yes,yes,yes
qmosa,92_jcvi-javacommon/evosuite-tests/org/jcvi/jillion/core/util/FileIterator_ESTest.java,18,test-262.java,no,no,no
qmosa,103_sweethome3d/evosuite-tests/com/eteks/sweethome3d/model/HomeEnvironment_ESTest.java,31,test-263.java,no,no,no
qmosa,103_sweethome3d/evosuite-tests/com/eteks/sweethome3d/model/HomeEnvironment_ESTest.java,24,test-264.java,no,no,no
qmosa,93_quickserver/evosuite-tests/org/quickserver/net/server/TheClient_ESTest.java,10,test-265.java,no,no,no
qmosa,9_falselight/evosuite-tests/Services_ESTest.java,11,test-266.java,no,no,no
qmosa,93_quickserver/evosuite-tests/org/quickserver/util/xmlreader/AdvancedSettings_ESTest.java,61,test-267.java,no,no,no
qmosa,69_lhamacaw/evosuite-tests/macaw/businessLayer/SupportingDocument_ESTest.java,18,test-268.java,no,no,no
qmosa,18_jsecurity/evosuite-tests/org/jsecurity/authc/UsernamePasswordToken_ESTest.java,17,test-269.java,no,no,no
qmosa,18_jsecurity/evosuite-tests/org/jsecurity/authc/UsernamePasswordToken_ESTest.java,14,test-270.java,no,no,no
qmosa,103_sweethome3d/evosuite-tests/com/eteks/sweethome3d/model/HomeEnvironment_ESTest.java,103,test-271.java,no,no,no
qmosa,18_jsecurity/evosuite-tests/org/jsecurity/authc/UsernamePasswordToken_ESTest.java,13,test-272.java,yes,yes,yes
qmosa,75_openhre/evosuite-tests/com/browsersoft/openhre/hl7/impl/regular/ExpressionMatrixImpl_ESTest.java,6,test-273.java,yes,yes,yes
qmosa,69_lhamacaw/evosuite-tests/macaw/businessLayer/SupportingDocument_ESTest.java,36,test-274.java,no,no,no
qmosa,93_quickserver/evosuite-tests/org/quickserver/util/xmlreader/AdvancedSettings_ESTest.java,20,test-275.java,no,no,no
qmosa,9_falselight/evosuite-tests/Services_ESTest.java,3,test-276.java,no,no,no
qmosa,103_sweethome3d/evosuite-tests/com/eteks/sweethome3d/model/HomeEnvironment_ESTest.java,5,test-277.java,no,no,no
qmosa,93_quickserver/evosuite-tests/org/quickserver/net/server/TheClient_ESTest.java,36,test-278.java,no,no,no
qmosa,18_jsecurity/evosuite-tests/org/jsecurity/authc/UsernamePasswordToken_ESTest.java,3,test-279.java,no,no,no
qmosa,103_sweethome3d/evosuite-tests/com/eteks/sweethome3d/model/HomeEnvironment_ESTest.java,25,test-280.java,no,no,no
qmosa,93_quickserver/evosuite-tests/org/quickserver/net/server/TheClient_ESTest.java,49,test-281.java,no,no,no
qmosa,103_sweethome3d/evosuite-tests/com/eteks/sweethome3d/model/HomeEnvironment_ESTest.java,72,test-282.java,no,no,no
qmosa,69_lhamacaw/evosuite-tests/macaw/businessLayer/SupportingDocument_ESTest.java,35,test-283.java,no,no,no
qmosa,93_quickserver/evosuite-tests/org/quickserver/util/xmlreader/AdvancedSettings_ESTest.java,31,test-284.java,no,no,no
qmosa,69_lhamacaw/evosuite-tests/macaw/businessLayer/SupportingDocument_ESTest.java,40,test-285.java,no,no,no
qmosa,69_lhamacaw/evosuite-tests/macaw/businessLayer/SupportingDocument_ESTest.java,5,test-286.java,no,no,no
qmosa,18_jsecurity/evosuite-tests/org/jsecurity/authc/UsernamePasswordToken_ESTest.java,23,test-287.java,no,no,no
qmosa,69_lhamacaw/evosuite-tests/macaw/businessLayer/SupportingDocument_ESTest.java,6,test-288.java,no,no,no
qmosa,93_quickserver/evosuite-tests/org/quickserver/util/xmlreader/AdvancedSettings_ESTest.java,60,test-289.java,no,no,no
qmosa,103_sweethome3d/evosuite-tests/com/eteks/sweethome3d/model/HomeEnvironment_ESTest.java,83,test-290.java,no,no,no
qmosa,27_gangup/evosuite-tests/state/Player_ESTest.java,45,test-291.java,no,no,no
qmosa,9_falselight/evosuite-tests/Services_ESTest.java,14,test-292.java,no,no,no
qmosa,69_lhamacaw/evosuite-tests/macaw/businessLayer/SupportingDocument_ESTest.java,24,test-293.java,no,no,no
qmosa,18_jsecurity/evosuite-tests/org/jsecurity/authc/UsernamePasswordToken_ESTest.java,0,test-294.java,no,no,no
qmosa,75_openhre/evosuite-tests/com/browsersoft/openhre/hl7/impl/regular/ExpressionMatrixImpl_ESTest.java,5,test-295.java,yes,yes,yes
qmosa,69_lhamacaw/evosuite-tests/macaw/businessLayer/SupportingDocument_ESTest.java,34,test-296.java,no,no,no
qmosa,69_lhamacaw/evosuite-tests/macaw/businessLayer/SupportingDocument_ESTest.java,29,test-297.java,no,no,no
qmosa,93_quickserver/evosuite-tests/org/quickserver/util/xmlreader/AdvancedSettings_ESTest.java,36,test-298.java,no,no,no
qmosa,103_sweethome3d/evosuite-tests/com/eteks/sweethome3d/model/HomeEnvironment_ESTest.java,33,test-299.java,no,no,no
qmosa,69_lhamacaw/evosuite-tests/macaw/businessLayer/SupportingDocument_ESTest.java,15,test-300.java,no,no,no
qmosa,69_lhamacaw/evosuite-tests/macaw/businessLayer/SupportingDocument_ESTest.java,28,test-301.java,no,no,no
qmosa,18_jsecurity/evosuite-tests/org/jsecurity/authc/UsernamePasswordToken_ESTest.java,21,test-302.java,no,no,no
qmosa,27_gangup/evosuite-tests/state/Player_ESTest.java,11,test-303.java,no,no,no
qmosa,18_jsecurity/evosuite-tests/org/jsecurity/authc/UsernamePasswordToken_ESTest.java,16,test-304.java,yes,yes,yes
qmosa,75_openhre/evosuite-tests/com/browsersoft/openhre/hl7/impl/regular/ExpressionMatrixImpl_ESTest.java,26,test-305.java,yes,yes,yes
qmosa,103_sweethome3d/evosuite-tests/com/eteks/sweethome3d/model/HomeEnvironment_ESTest.java,38,test-306.java,no,no,no
qmosa,103_sweethome3d/evosuite-tests/com/eteks/sweethome3d/model/HomeEnvironment_ESTest.java,0,test-307.java,yes,yes,yes
qmosa,93_quickserver/evosuite-tests/org/quickserver/util/xmlreader/AdvancedSettings_ESTest.java,11,test-308.java,no,no,no
qmosa,103_sweethome3d/evosuite-tests/com/eteks/sweethome3d/model/HomeEnvironment_ESTest.java,45,test-309.java,no,no,no
qmosa,93_quickserver/evosuite-tests/org/quickserver/net/server/TheClient_ESTest.java,61,test-310.java,no,no,no
qmosa,27_gangup/evosuite-tests/state/Player_ESTest.java,26,test-311.java,no,no,no
qmosa,93_quickserver/evosuite-tests/org/quickserver/net/server/TheClient_ESTest.java,44,test-312.java,no,no,no
qmosa,27_gangup/evosuite-tests/state/Player_ESTest.java,36,test-313.java,no,no,no
qmosa,93_quickserver/evosuite-tests/org/quickserver/util/xmlreader/AdvancedSettings_ESTest.java,15,test-314.java,no,no,no
qmosa,69_lhamacaw/evosuite-tests/macaw/businessLayer/SupportingDocument_ESTest.java,23,test-315.java,no,no,no
qmosa,27_gangup/evosuite-tests/state/Player_ESTest.java,3,test-316.java,no,no,no
qmosa,27_gangup/evosuite-tests/state/Player_ESTest.java,9,test-317.java,no,no,no
qmosa,27_gangup/evosuite-tests/state/Player_ESTest.java,23,test-318.java,no,no,no
qmosa,18_jsecurity/evosuite-tests/org/jsecurity/authc/UsernamePasswordToken_ESTest.java,4,test-319.java,no,no,no
qmosa,103_sweethome3d/evosuite-tests/com/eteks/sweethome3d/model/HomeEnvironment_ESTest.java,67,test-320.java,no,no,no
qmosa,27_gangup/evosuite-tests/state/Player_ESTest.java,24,test-321.java,no,no,no
qmosa,103_sweethome3d/evosuite-tests/com/eteks/sweethome3d/model/HomeEnvironment_ESTest.java,55,test-322.java,no,no,no
qmosa,103_sweethome3d/evosuite-tests/com/eteks/sweethome3d/model/HomeEnvironment_ESTest.java,10,test-323.java,no,no,no
qmosa,18_jsecurity/evosuite-tests/org/jsecurity/authc/UsernamePasswordToken_ESTest.java,19,test-324.java,no,no,no
qmosa,75_openhre/evosuite-tests/com/browsersoft/openhre/hl7/impl/regular/ExpressionMatrixImpl_ESTest.java,14,test-325.java,yes,yes,yes
qmosa,18_jsecurity/evosuite-tests/org/jsecurity/authc/UsernamePasswordToken_ESTest.java,2,test-326.java,no,no,no
qmosa,103_sweethome3d/evosuite-tests/com/eteks/sweethome3d/model/HomeEnvironment_ESTest.java,77,test-327.java,no,no,no
qmosa,18_jsecurity/evosuite-tests/org/jsecurity/authc/UsernamePasswordToken_ESTest.java,20,test-328.java,no,no,no
qmosa,103_sweethome3d/evosuite-tests/com/eteks/sweethome3d/model/HomeEnvironment_ESTest.java,17,test-329.java,no,no,no
qmosa,93_quickserver/evosuite-tests/org/quickserver/util/xmlreader/AdvancedSettings_ESTest.java,4,test-330.java,no,no,no
qmosa,93_quickserver/evosuite-tests/org/quickserver/net/server/TheClient_ESTest.java,34,test-331.java,no,no,no
qmosa,27_gangup/evosuite-tests/state/Player_ESTest.java,38,test-332.java,no,no,no
qmosa,27_gangup/evosuite-tests/state/Player_ESTest.java,42,test-333.java,no,no,no
qmosa,93_quickserver/evosuite-tests/org/quickserver/net/server/TheClient_ESTest.java,2,test-334.java,no,no,no
qmosa,27_gangup/evosuite-tests/state/Player_ESTest.java,15,test-335.java,no,no,no
qmosa,93_quickserver/evosuite-tests/org/quickserver/util/xmlreader/AdvancedSettings_ESTest.java,47,test-336.java,no,no,no
qmosa,27_gangup/evosuite-tests/state/Player_ESTest.java,46,test-337.java,no,no,no
qmosa,69_lhamacaw/evosuite-tests/macaw/businessLayer/SupportingDocument_ESTest.java,42,test-338.java,no,no,no
qmosa,18_jsecurity/evosuite-tests/org/jsecurity/authc/UsernamePasswordToken_ESTest.java,1,test-339.java,no,no,no
qmosa,93_quickserver/evosuite-tests/org/quickserver/util/xmlreader/AdvancedSettings_ESTest.java,64,test-340.java,no,no,no
qmosa,103_sweethome3d/evosuite-tests/com/eteks/sweethome3d/model/HomeEnvironment_ESTest.java,6,test-341.java,no,no,no
qmosa,75_openhre/evosuite-tests/com/browsersoft/openhre/hl7/impl/regular/ExpressionMatrixImpl_ESTest.java,2,test-342.java,yes,yes,yes
qmosa,27_gangup/evosuite-tests/state/Player_ESTest.java,12,test-343.java,no,no,no
qmosa,103_sweethome3d/evosuite-tests/com/eteks/sweethome3d/model/HomeEnvironment_ESTest.java,34,test-344.java,no,no,no
qmosa,27_gangup/evosuite-tests/state/Player_ESTest.java,30,test-345.java,no,no,no
qmosa,69_lhamacaw/evosuite-tests/macaw/businessLayer/SupportingDocument_ESTest.java,10,test-346.java,no,no,no
qmosa,18_jsecurity/evosuite-tests/org/jsecurity/authc/UsernamePasswordToken_ESTest.java,15,test-347.java,no,no,no
qmosa,93_quickserver/evosuite-tests/org/quickserver/util/xmlreader/AdvancedSettings_ESTest.java,59,test-348.java,no,no,no
qmosa,18_jsecurity/evosuite-tests/org/jsecurity/authc/UsernamePasswordToken_ESTest.java,8,test-349.java,no,no,no
qmosa,69_lhamacaw/evosuite-tests/macaw/businessLayer/SupportingDocument_ESTest.java,20,test-350.java,no,no,no
qmosa,103_sweethome3d/evosuite-tests/com/eteks/sweethome3d/model/HomeEnvironment_ESTest.java,102,test-351.java,no,no,no
qmosa,27_gangup/evosuite-tests/state/Player_ESTest.java,20,test-352.java,no,no,no
qmosa,93_quickserver/evosuite-tests/org/quickserver/util/xmlreader/AdvancedSettings_ESTest.java,46,test-353.java,no,no,no
qmosa,27_gangup/evosuite-tests/state/Player_ESTest.java,1,test-354.java,no,no,no
qmosa,18_jsecurity/evosuite-tests/org/jsecurity/authc/UsernamePasswordToken_ESTest.java,30,test-355.java,no,no,no
qmosa,75_openhre/evosuite-tests/com/browsersoft/openhre/hl7/impl/regular/ExpressionMatrixImpl_ESTest.java,25,test-356.java,yes,yes,yes
qmosa,93_quickserver/evosuite-tests/org/quickserver/util/xmlreader/AdvancedSettings_ESTest.java,32,test-357.java,no,no,no
qmosa,75_openhre/evosuite-tests/com/browsersoft/openhre/hl7/impl/regular/ExpressionMatrixImpl_ESTest.java,9,test-358.java,yes,yes,yes
qmosa,103_sweethome3d/evosuite-tests/com/eteks/sweethome3d/model/HomeEnvironment_ESTest.java,59,test-359.java,no,no,no
